Date,Price,Open,High,Low
01/01/2024,0.06289487375223055,0.06295613783446055,0.06295613783446055,0.06294349603971468
01/01/2025,0.0676863140526171,0.0676863140526171,0.0676863140526171,0.0676863140526171
01/01/2026,0.06673080481036078,0.06662812210915818,0.06673126734505087,0.06662025901942645
01/02/2023,0.07316402421447103,0.07275583741712309,0.07350014413375612,0.07268088786393774
01/02/2024,0.06380110201549632,0.06297261107729762,0.06386581151540026,0.0628895736155598
01/02/2025,0.06736501970849756,0.06766477220643505,0.0676025147103233,0.06709109749834935
01/02/2026,0.06674131309859807,0.06666743755781683,0.06695378927911276,0.06661342962294285
01/03/2022,0.106518332671128,0.10628813392769404,0.10630751764208275,0.10626084933517065
01/03/2023,0.07374459498414528,0.07335759466250759,0.07386739694436437,0.0731811078312207
01/03/2024,0.0636838905775076,0.06362290706139287,0.06373556525958272,0.06344024316109423
01/03/2025,0.06729776800036665,0.06737922816023467,0.06752417617672671,0.06709964249702081
01/04/2022,0.10663312555654497,0.10667636909093343,0.10671524274695064,0.10654928602375305
01/04/2023,0.07334262392992237,0.07406320541760722,0.07376836260695022,0.07345256699658505
01/04/2024,0.06385799392097265,0.0634750175591562,0.06373658843759838,0.06349811550151976
01/05/2022,0.10664459367448567,0.10674308532922122,0.10668171838472547,0.10671764989336358
01/05/2023,0.07385045147380989,0.07423091519486207,0.07413327460503287,0.07407050157839354
01/05/2024,0.06391051671732523,0.06379713661732589,0.06419655423440912,0.06357155015197569
01/05/2026,0.06684941013185289,0.06676305926988386,0.06708443210733286,0.0667800925925926
01/06/2022,0.10720195729537367,0.1066803498998192,0.10713582021993236,0.10657124036390181
01/06/2023,0.07296274738067521,0.07440196135660498,0.0738679409209383,0.07320252265211785
01/06/2025,0.06699436012655326,0.06732435033686238,0.06758225014492156,0.06673439388345262
01/06/2026,0.06698981481481482,0.06683923201480453,0.06706916493176035,0.06677592592592592
01/07/2022,0.10636145648312612,0.10711377777777778,0.1067860479739274,0.1065961557294588
01/07/2025,0.0666533645245631,0.06708973359622175,0.0671974471187241,0.0662781118991838
01/07/2026,0.06699236994219654,0.06692873669597409,0.06703639514731369,0.06689861111111112
01/08/2024,0.06379428571428572,0.06380728269571334,0.06410069848661235,0.06378747720364743
01/08/2025,0.06689968350075684,0.06675643313621411,0.06719267712725831,0.06647883575425659
01/08/2026,0.06716658185687191,0.06696692111959288,0.06709559586567597,0.06696956370790418
01/09/2023,0.07253911485984207,0.07339691083547858,0.0734049617237617,0.07226526257869458
01/09/2024,0.06413416832255589,0.06357720819807161,0.06403660258630504,0.0636825651692637
01/09/2025,0.06679239230064161,0.06687307921654971,0.06716727772685609,0.0668854177924225
01/09/2026,0.06741175926354258,0.06712911134755055,0.06761807836425036,0.06716157407407408
01/10/2022,0.1063501715482843,0.10650666666666667,0.10655902680799939,0.10636049944861443
01/10/2023,0.07224454148471615,0.07274962589125906,0.07267976138513021,0.07251606466946392
01/10/2024,0.0641424924012158,0.06402550179385241,0.06410760646336265,0.06405576031821333
01/10/2025,0.0675012601383861,0.06688405132905592,0.06762773220913715,0.06674702108157654
01/11/2022,0.105745770603756,0.10628875582168996,0.10602763476814747,0.10582372180334343
01/11/2023,0.07253356684179801,0.07283941198908483,0.07280730355396152,0.07265631876998914
01/11/2024,0.06369674404173212,0.06401445864971737,0.06401287002534271,0.06382395136778116
01/12/2022,0.1050837394771821,0.10558967650384692,0.10553361606530844,0.10516078654078227
01/12/2023,0.07233625218914184,0.07284085246093865,0.07283887915936953,0.07247146503917139
01/12/2024,0.06366911183620434,0.06370729343348679,0.06385442915293661,0.06338467953473262
01/12/2026,0.06785060129509714,0.06756256649858908,0.0680009250693802,0.06741712962962963
01/13/2022,0.10505845881310893,0.10535779327499667,0.1051392269733209,0.10518722515879714
01/13/2023,0.07299469026548673,0.07340024871202701,0.07276240513718622,0.07313081619346808
01/13/2025,0.06709644902634594,0.06749530312056087,0.06757938144329897,0.06716332378223495
01/13/2026,0.06824566273421236,0.0678672525439408,0.06842969472710453,0.06787868966315545
01/14/2022,0.10540921169176262,0.10516349136021268,0.10561736049601418,0.10506601683650865
01/14/2025,0.06684162153365895,0.0671880870561283,0.06731176736056227,0.06680816536093627
01/14/2026,0.06765086705202313,0.0682234559333796,0.06842543352601156,0.06758871154291002
01/15/2024,0.06395406309056549,0.06368505234587049,0.06411348548723167,0.06366421093447072
01/15/2025,0.06668485224977821,0.06690309278350516,0.0670639175257732,0.06658458519048405
01/15/2026,0.06798547842575035,0.0678037037037037,0.06801855093319681,0.06775092592592592
01/16/2023,0.07360742233815508,0.07334005216978895,0.07367382025136353,0.07300865544225753
01/16/2024,0.06484758904773444,0.06402346496012411,0.06491143555020831,0.06402042508619561
01/16/2025,0.06670408724340177,0.06674273668774632,0.06694098240469208,0.06642287599670058
01/16/2026,0.06814242774566473,0.06798825324885538,0.0682557225433526,0.06796289442028315
01/17/2022,0.10514136773281499,0.10519084643930023,0.10550715674147376,0.1050971903163103
01/17/2023,0.07343264094955489,0.07363808846199454,0.0730655925675477,0.0734331639777758
01/17/2024,0.06504389658410044,0.06478505938989283,0.06528470610982211,0.0647613281344603
01/17/2025,0.06672914757103575,0.06679572947214077,0.06693990698526885,0.06656808396495041
01/18/2022,0.10561882327937375,0.10521954236239951,0.10512445868394182,0.10508905626938414
01/18/2023,0.07338808182626742,0.07336416459148583,0.07357423084864753,0.07286672374429223
01/18/2024,0.06475699736313714,0.06507848211478463,0.0651553921687184,0.06462249316592883
01/19/2022,0.10527887431272735,0.10567139061116032,0.10572384907598445,0.10517751020390075
01/19/2023,0.07306314853246368,0.07341298547287281,0.07333701262864006,0.07320905237752719
01/19/2024,0.06451981200306717,0.06480518538225265,0.06479281858117174,0.0645034767281954
01/19/2026,0.06814982658959537,0.06822196531791908,0.06839306358381503,0.06799537572254336
01/20/2022,0.10549355273925641,0.1047665652691443,0.10502434540120431,0.10520070890562694
01/20/2023,0.07288179823260779,0.07310539113931559,0.0734499733111915,0.07292153490303066
01/20/2025,0.06581775700934579,0.06678505957836847,0.06687969580355506,0.06579835013748854
01/20/2026,0.06849491211840887,0.06813595375722543,0.06849526011560694,0.06812260004626416
01/21/2022,0.1056253321523472,0.10508834545053977,0.10507042501186939,0.10541541186891056
01/21/2025,0.06563287947554211,0.06594969763606377,0.06620871317971505,0.06566199573423846
01/21/2026,0.06782962962962963,0.0684172062904718,0.0685268270120259,0.06777407407407408
01/22/2024,0.06478401699126005,0.06453056583690156,0.06486584499040196,0.06442602667751395
01/22/2025,0.065851733568269,0.06570760555631963,0.06598147978362519,0.06559426215403252
01/22/2026,0.0677837962962963,0.06782210292484266,0.06809717723276261,0.06772361111111111
01/23/2023,0.0729952522255193,0.07304381382094514,0.07282525609961249,0.07283841236806898
01/23/2024,0.06462512077294685,0.06475792221604505,0.06482332198149893,0.0643676271514214
01/23/2025,0.06581773127753304,0.06591386506444066,0.06610368468117304,0.06576853318639943
01/23/2026,0.0670418095856123,0.06777464136973622,0.06802082369273485,0.0669263928803189
01/24/2022,0.10567770505279069,0.10515972681207314,0.10532100089679793,0.10553008849557523
01/24/2023,0.07300225065150438,0.07306728428053923,0.07328658661117836,0.07312008377661158
01/24/2024,0.06432930142255858,0.06470176116734713,0.06474972245016171,0.06427892372559502
01/24/2025,0.06552771659324523,0.06588839941262849,0.06601783596146478,0.0654758816683233
01/25/2022,0.10587168141592919,0.10583668953308255,0.10546378206395873,0.1058140770252324
01/25/2023,0.07314391174568134,0.07322168774867867,0.07331262455618762,0.07319827457980069
01/25/2024,0.06456502307153383,0.06442683545527021,0.06468340057497644,0.06438141714782693
01/26/2022,0.10588500663423264,0.1053922864140106,0.10541634049589685,0.10569457535167952
01/26/2023,0.07312793113683586,0.07322109388918582,0.07325211927203747,0.0731128624535316
01/26/2024,0.06446829033035929,0.0645497767587788,0.06454480196946558,0.0643849347725796
01/26/2026,0.06710261289274609,0.06700194678780012,0.06720589598590897,0.06650902677866988
01/27/2022,0.10638709677419354,0.10586477169533517,0.10617806856106303,0.10612015721504774
01/27/2023,0.07306120023767082,0.07317892986519389,0.07325012439873942,0.07305272306254502
01/27/2025,0.0658353243888991,0.06560159691629956,0.06602835903083701,0.06569675239605599
01/27/2026,0.06646630152246566,0.06710261289274609,0.06736305496338864,0.06647092955785076
01/28/2022,0.10680441501103752,0.1060606327586055,0.10679881576111103,0.10642963565545324
01/28/2025,0.06641104576364638,0.065967193530601,0.06663099393716701,0.06591623758734828
01/28/2026,0.06649528148389197,0.06673644634236911,0.06678843297437802,0.06601041327692808
01/29/2024,0.06430876854420456,0.06458066851695426,0.06457853634778919,0.06426897522101253
01/29/2025,0.06623449416521181,0.06650294063591251,0.06655388344611655,0.06614582136538064
01/29/2026,0.06655045786268768,0.06649528148389197,0.06689025240552224,0.06618520756822091
01/30/2023,0.07317052881758765,0.07304791876966926,0.07304918304817555,0.07303268071168019
01/30/2024,0.06405440523802292,0.06433702390428636,0.06428798612115079,0.06401208193909333
01/30/2025,0.06634053308823529,0.06632546172930259,0.06642699623265644,0.06616211992369746
01/30/2026,0.06746024365293406,0.06655045786268768,0.06744680851063829,0.06653157135545111
01/31/2022,0.10608993553387115,0.10657956177369762,0.10659237809834742,0.1063850839491667
01/31/2023,0.07325809325809325,0.07314116075404484,0.07344804898433378,0.07312320404972827
01/31/2024,0.06429837059108562,0.06414939759036144,0.06443014794467737,0.06401313426215002
01/31/2025,0.06692565859040964,0.06644465894465894,0.06699501957252862,0.06634425886448983
02/01/2022,0.10597708241516086,0.10619215513442044,0.10647950639048039,0.10591626267078007
02/01/2023,0.07258194774346793,0.07325910750868442,0.07306535638171915,0.07263944857471087
02/01/2024,0.06407666345226616,0.06426332137439503,0.06432511793588139,0.06410052335817476
02/02/2022,0.10562020367459615,0.1058997076126396,0.10585428018984006,0.10579296407912211
02/02/2023,0.07273040380047506,0.07261309965839893,0.0727147134683229,0.07234069137859225
02/02/2024,0.06442223880956394,0.06405144384769153,0.06451229202282632,0.06359962428650562
02/02/2026,0.0676183170618317,0.06748163303264205,0.0680894280601455,0.0674100100053517
02/03/2022,0.10559318975117414,0.10557395216295729,0.10604548608975992,0.10575639538217896
02/03/2023,0.07383123916170005,0.07274395131364109,0.073965884924473,0.07288272839859007
02/03/2025,0.06705144118052682,0.06726035584570825,0.06773778329425827,0.06707243044378018
02/03/2026,0.06743096234309624,0.06761785216178522,0.06703862463126843,0.06697580269892973
02/04/2022,0.10558757181629129,0.1058307624504187,0.1058776380227601,0.10553693938378511
02/04/2025,0.06679834444699931,0.06715901254999311,0.06748900257870569,0.06663860540110358
02/04/2026,0.06797396559739656,0.06738865643886564,0.06797629009762901,0.06733925746720015
02/05/2024,0.06406968641114984,0.06429670224016922,0.06437678721614802,0.06395106239784636
02/05/2025,0.06642558086036347,0.0668443320303518,0.0670062054700069,0.06637192174913695
02/05/2026,0.06843571262497093,0.06797350069735006,0.06839935872115988,0.06793064121959734
02/06/2023,0.07483669833729216,0.07402890293480519,0.07477040205151868,0.07401157844006404
02/06/2024,0.06374401890889525,0.06402707113372372,0.0640626724572306,0.0638938509641694
02/06/2025,0.06653548743441039,0.06649643432252128,0.06680452018465319,0.06645452598761693
02/06/2026,0.06810106556232841,0.068494113267253,0.06862622036262205,0.06805678380265301
02/07/2022,0.10529524580356828,0.10500503568769978,0.10498029035669647,0.10552155894541927
02/07/2023,0.07414703277236492,0.07484470022842564,0.0745515212611051,0.07449228462993587
02/07/2024,0.06376628613674114,0.06373751440645409,0.06383043040161221,0.06350093646448639
02/07/2025,0.0669026499790561,0.06657829328914665,0.06705926466088964,0.06640130944350953
02/08/2022,0.10471105665083914,0.10466704560360282,0.1049590570665361,0.10470934253026497
02/08/2023,0.07447326440177253,0.07452214936355814,0.07445425015769709,0.0742974868046856
02/08/2024,0.06388147792706333,0.0638057049558202,0.06395255742153229,0.06364645076998454
02/09/2022,0.1041819355739364,0.1047773350264921,0.10436468855402262,0.10448044839514822
02/09/2023,0.07470841949778434,0.07482241936919562,0.07470713148115378,0.07449697502241275
02/09/2024,0.06381528127623845,0.06399154821359969,0.0640115149334293,0.06385756819054937
02/09/2026,0.06786126629422719,0.06817272346563677,0.06836303568935834,0.06766436952877632
02/10/2022,0.105618838028169,0.1051205985915493,0.10569102112676057,0.10505457746478875
02/10/2023,0.07488626292466766,0.07508429300724206,0.07493434370260206,0.07483659353979988
02/10/2025,0.06675333640128854,0.06696236311769577,0.06701391284350926,0.06670349373824698
02/10/2026,0.06782268578878749,0.06785305476711181,0.06801999070199907,0.06772311853026206
02/11/2022,0.10498730853391686,0.10505440443989249,0.10473812636165576,0.10445214772796904
02/11/2025,0.06672768247251988,0.0667686292548298,0.06697924259740022,0.06670394120746502
02/11/2026,0.06743075631819453,0.06785015831626001,0.0679758195768426,0.0672785814279048
02/12/2024,0.06373998560805949,0.06394688820591625,0.06394147277524585,0.06377208989627353
02/12/2025,0.06677744533947065,0.0668196660994343,0.06712732908542797,0.06672375690607735
02/12/2026,0.06710904007455731,0.06746712673692064,0.06758845437616387,0.06686114352392065
02/13/2023,0.07520768094534712,0.07514167878230425,0.07557414107550744,0.0751746902476238
02/13/2024,0.06429403781691931,0.06377068841448788,0.06441728377309655,0.0636626679462572
02/13/2025,0.06625224395857307,0.06678658508533836,0.06698946496756683,0.06629303995580925
02/13/2026,0.0672404779686333,0.06721498903355266,0.06752655609392472,0.06719794584500467
02/14/2022,0.10493602103418054,0.1048717612618517,0.10460775469469759,0.10500703605980652
02/14/2023,0.07516420555227407,0.07558081557547337,0.07526202110332128,0.0749219056216075
02/14/2024,0.06384589534325492,0.06426189449475349,0.06421335528661719,0.0638974565929684
02/14/2025,0.06625684695051784,0.06633644687801961,0.06656390908254348,0.06614825046040515
02/15/2022,0.10446259061568475,0.10463104548036176,0.10464158557365046,0.10459772126642981
02/15/2023,0.07581453041937389,0.07553807799608238,0.07613762551683402,0.07558080117883328
02/15/2024,0.06365012672054884,0.06385906040268456,0.06394102422287824,0.06368408437200383
02/16/2022,0.104482642694039,0.10458036611472758,0.10469598914262523,0.10448823303143687
02/16/2023,0.07612107259337968,0.07618869603916333,0.07640198972115006,0.07597058107136703
02/16/2024,0.0638029488657195,0.0637690057077078,0.06406480153094096,0.06372235359577132
02/16/2026,0.06741691560866318,0.06724514563106797,0.06746592606422704,0.06712378640776699
02/17/2022,0.10452089973273107,0.10449661411375355,0.10459273720862332,0.1043520803756689
02/17/2023,0.07657719945161441,0.07652932277298212,0.07701503468520483,0.0765044050903266
02/17/2025,0.06636032966527004,0.06632681242807825,0.06654591484464903,0.0662456835029237
02/17/2026,0.06742322412022776,0.06732496265870051,0.06753892773892774,0.06723669467787115
02/18/2022,0.1042558108102216,0.10453223577218049,0.10460112401191156,0.104025602009095
02/18/2025,0.06636693423007382,0.06640683272710529,0.06661358872108997,0.06624619339620469
02/18/2026,0.06733009708737864,0.06748949873984877,0.0675927696793003,0.0672733216579101
02/19/2024,0.06395358315950994,0.06393352199146242,0.06408976479896425,0.0638232049498777
02/19/2025,0.06629045260854544,0.06638364490284557,0.06652870493991989,0.0662125993320281
02/19/2026,0.06760820895522388,0.06730955937266617,0.06789795252087123,0.06729340338587274
02/20/2023,0.07689578450858821,0.0769899427418637,0.07711531045121481,0.07671640905449907
02/20/2024,0.06389413173652694,0.0639928092042186,0.06411870998623825,0.06385776141087791
02/20/2025,0.06589079453972699,0.06634501173979099,0.06645307850055585,0.06597742455655378
02/20/2026,0.06748121879520322,0.06765400410677619,0.06697154401234269,0.06734883503758697
02/21/2022,0.10429251670962388,0.10469616879996504,0.10482023502686645,0.10394740290944039
02/21/2023,0.07717974028123394,0.07692289435428844,0.0773113904779888,0.07673539620850268
02/21/2024,0.06382762748384008,0.06395541706615532,0.06403225806451614,0.06386255640107216
02/21/2025,0.06600644864117917,0.06595313722782305,0.06621018228687166,0.06594705435108172
02/22/2022,0.10478241758241759,0.1043728976453628,0.10424252983709381,0.10468043956043956
02/22/2023,0.07714401617913118,0.07747553235660479,0.07739344543684264,0.0770607574804458
02/22/2024,0.06368761996161229,0.06384247067273162,0.06391573907839616,0.06354841031793641
02/23/2022,0.1048759894459103,0.10423572583111267,0.10434512914822888,0.1046297273526825
02/23/2023,0.07668478581979321,0.07726814516129032,0.07718459793473381,0.0767293955717981
02/23/2024,0.06381717850287909,0.06362224725024562,0.0639297606784371,0.06368292214649131
02/23/2026,0.06743871118374971,0.06752788017358033,0.06761933647519948,0.06719215503151997
02/24/2022,0.10584028082492321,0.10418905342244353,0.10553931796303637,0.10460114085125055
02/24/2023,0.07766322008862629,0.07697046963946869,0.07781584266513226,0.07690559813949074
02/24/2025,0.06581471414751003,0.06615533443891652,0.0662086912465744,0.06563283554572272
02/24/2026,0.06730261007610777,0.06743964510856876,0.06755937106331358,0.06718936846038864
02/25/2022,0.10518840579710144,0.1053141235538092,0.10518059531746345,0.10520245937637242
02/25/2025,0.06600948915196463,0.06586124291703138,0.06612331353317677,0.06583148967551622
02/25/2026,0.06662106000466962,0.0673264229350516,0.06654398369146615,0.06659126492650667
02/26/2024,0.06389541856560327,0.06374790318715552,0.06388424406487314,0.06373635338436068
02/26/2025,0.0660491266878658,0.06596849233036989,0.0662107881523792,0.06586017788838194
02/26/2026,0.0669099233788077,0.0666641766655773,0.06708568496664956,0.06633146330060775
02/27/2023,0.07783751846381094,0.07759783478104312,0.07822231400082601,0.077555411712199
02/27/2024,0.06390261453585992,0.06387200383509108,0.06390771000047918,0.06381023229026685
02/27/2025,0.06684239631336406,0.06608138623899719,0.06685932980859569,0.06610599312068313
02/27/2026,0.06726151546295431,0.06690291534292656,0.06748570761871427,0.06685988079934556
02/28/2022,0.10462391463542212,0.10544859201047807,0.10529079793071014,0.10495144697625228
02/28/2023,0.0781695716395864,0.0781598292625089,0.07830678777616182,0.07796964070684123
02/28/2024,0.06399856080594866,0.06385430146177809,0.06411422274393312,0.06384960529788612
02/28/2025,0.06726260069044879,0.06685682687433758,0.06739295492717944,0.06685948699038971
02/29/2024,0.06393236900086215,0.06400747448612908,0.06406648146374173,0.06376359541948158
03/01/2022,0.10577621763931548,0.10545917471466199,0.10506436048840813,0.10515188762071993
03/01/2023,0.07706080283353012,0.07844931831653823,0.07818405588791721,0.07701692060423104
03/01/2024,0.06372222222222222,0.0639541341504285,0.06400453739401381,0.06377298931097332
03/02/2022,0.10533476329094531,0.10519417052098788,0.10527557786669338,0.10539061814993424
03/02/2023,0.0774118689105403,0.07744217767761831,0.07778512396694215,0.07732416083501363
03/02/2026,0.06789901443318232,0.06739231991030552,0.0682425684819637,0.06727684724460953
03/03/2022,0.10517894222547942,0.10499650959860383,0.1054532136332521,0.10500764292265363
03/03/2023,0.07646680436706993,0.07773503260225252,0.07734858086003124,0.07675923509454555
03/03/2025,0.06719546481080334,0.06735474358383634,0.06739387349365672,0.06711496966232042
03/03/2026,0.06916351408154686,0.06784317386231038,0.07030844610359309,0.06789395001167951
03/04/2022,0.10650983342665174,0.10528000697836706,0.10613750766807772,0.10568112133158125
03/04/2024,0.06373536383880468,0.06374542058760146,0.06385652371716592,0.06361084498946158
03/04/2025,0.06701175928060872,0.06724155413190763,0.06745034791023455,0.06704373500645876
03/04/2026,0.06827528247268652,0.06939376955770399,0.0693147042358649,0.06812115829574403
03/05/2024,0.0639057445301583,0.0637909154035869,0.06398477054171241,0.06374188169737507
03/05/2025,0.06668974270220376,0.06706782865311016,0.06741565265486726,0.06664666374316246
03/05/2026,0.06916736714299057,0.06829582594079746,0.06949739953821396,0.06803786373729111
03/06/2023,0.076556080283353,0.07673447121642013,0.0767338974708131,0.07669972007401434
03/06/2024,0.06362800718132855,0.0640247173788082,0.06404691801316577,0.06367072236060549
03/06/2025,0.06684555699242564,0.0666405132228735,0.06697935993915158,0.06641507342242259
03/06/2026,0.06949730363423212,0.06917670682730924,0.06978988363144516,0.06883106522759268
03/07/2022,0.10789316987740806,0.10650828247602442,0.1075387968613775,0.10683450087565674
03/07/2023,0.07786709982279977,0.07694610778443113,0.07791696545293048,0.07690802000106767
03/07/2024,0.06339522292230661,0.06374886173017014,0.0638667018039817,0.06343062544931703
03/07/2025,0.06689133044040255,0.06682985405505265,0.06692433717147012,0.06656613707740625
03/08/2022,0.10792038495188101,0.10780927384076991,0.1083840769903762,0.1074339457567804
03/08/2023,0.07774280230326296,0.07769595492572587,0.07801372908758404,0.07756759152557396
03/08/2024,0.06304674849329768,0.06341954022988507,0.06351412469937902,0.0628899068274594
03/09/2022,0.1068235807860262,0.1075536181342633,0.10773106240548092,0.10679039301310043
03/09/2023,0.07815507075471698,0.07798922056384743,0.07827619749447311,0.07787017294479981
03/09/2026,0.06823592568387639,0.06933479600410793,0.06994238529542114,0.06854630715123095
03/10/2022,0.1074621775251421,0.1066190185653273,0.1070412743381289,0.10696370791429821
03/10/2023,0.07785581601061477,0.07853918606717611,0.07840683962264151,0.07766846936597169
03/10/2025,0.06736669590508287,0.06689179207829378,0.06740763130510223,0.06675303800800898
03/10/2026,0.06878524743230625,0.06827933899729251,0.06902929809134399,0.06830001144867838
03/11/2022,0.10788927456349967,0.10709081401429318,0.1075727885363215,0.10721281424581006
03/11/2024,0.06288030702806428,0.06314792615679693,0.063115403297784,0.06275272348413923
03/11/2025,0.06701828930352854,0.06739624209408614,0.06741738969909544,0.06695270644744135
03/11/2026,0.06898473603136815,0.06879628678427673,0.06901369032348345,0.06837337644890035
03/12/2024,0.06277482651351998,0.06285789599808292,0.06290117252931322,0.06268312559923298
03/12/2025,0.0670145944947349,0.06705338998706817,0.06724459634213929,0.0669731977818854
03/12/2026,0.07001172332942555,0.06895579517341176,0.06976726831770906,0.06915498241500587
03/13/2023,0.07678886585726977,0.07816888888888888,0.07817467716777805,0.07687389535366478
03/13/2024,0.06296621135873472,0.06290342679127726,0.06325137790558351,0.06275293553798227
03/13/2025,0.06711758728985776,0.06701921300572695,0.06733647222908551,0.06694037299225551
03/13/2026,0.07006439570695287,0.06968359156244167,0.0701168053764519,0.06969999085123403
03/14/2022,0.10776460369163954,0.10775663080876267,0.107869635030161,0.10769452185631485
03/14/2023,0.07727003494639578,0.07687392567127023,0.07784398507374282,0.07683184162171774
03/14/2024,0.06340422270024769,0.06300887077439463,0.06345238522560034,0.06295913200202552
03/14/2025,0.06695066229750311,0.06714707783214846,0.06730742603959938,0.06698181146708522
03/15/2022,0.10787999999999999,0.10812780220258564,0.1082918782827625,0.10806121114356716
03/15/2023,0.07782799529371319,0.07729313510631997,0.07834081739578307,0.07685054499306158
03/15/2024,0.06360564053537285,0.0633585230533767,0.06374091778202677,0.06336599506480439
03/16/2022,0.10666811751904243,0.10807851329590461,0.10817355767140559,0.10677704675177552
03/16/2023,0.07702806726669824,0.07782531405546339,0.07798851255329227,0.07710950462194832
03/16/2026,0.06941519105312209,0.07000699953336444,0.06991643194673991,0.06965822784810126
03/17/2022,0.1050115002386842,0.10656922876158163,0.10650502071179163,0.10513154172560113
03/17/2023,0.077505479533203,0.07709581902167476,0.0775618855856923,0.07693729998814744
03/17/2025,0.06661819021237304,0.06699358471408132,0.06702182640394998,0.06667406287703337
03/17/2026,0.06935222294715258,0.06941472506989749,0.06960823110407599,0.06945060705626854
03/18/2022,0.10518019973947026,0.10526324942393808,0.10562825407844498,0.10503502588870034
03/18/2024,0.06385665096785446,0.06366462598048593,0.06391600909455664,0.06363712472581753
03/18/2025,0.06691128250127003,0.06663035953293027,0.06721378801162844,0.06655688484456557
03/18/2026,0.07031043162114291,0.06934756268058533,0.07032474334799917,0.06908548522420062
03/19/2024,0.06388770776500041,0.06384957020057307,0.06406058623678197,0.06388307779113998
03/19/2025,0.06750233949882736,0.06694730522329469,0.06758668451913753,0.06696952611585066
03/19/2026,0.06937040141566546,0.07029831266896616,0.07026737719032881,0.06941150687997463
03/20/2023,0.07725397638599743,0.07760388879008832,0.07776498820827994,0.07705970963609622
03/20/2024,0.06350415181600146,0.06390405886428248,0.06407680317753574,0.06361291155522508
03/20/2025,0.06777034134387534,0.06731026837267311,0.0679603713454344,0.067293207008004
03/20/2026,0.07004187020237264,0.06959858433454409,0.07007487675565063,0.06927058823529413
03/21/2022,0.1054155844155844,0.10513732806872912,0.10555733518029523,0.10504122190401806
03/21/2023,0.07715237864106406,0.07729385262908292,0.07755862325889437,0.07720460266304556
03/21/2024,0.06374889795216215,0.06357963639838506,0.06380659806512134,0.06318793606631434
03/21/2025,0.06757423227891941,0.06775991871045217,0.0678369457332133,0.06751195840554593
03/22/2022,0.1052008658008658,0.10544793874637712,0.1058708533367934,0.10567388845384147
03/22/2023,0.07681699402498321,0.0772748555341532,0.07749276292250781,0.07641503559642167
03/22/2024,0.06395762913592003,0.06361215643309676,0.06415520114258509,0.06350047755491882
03/23/2022,0.10491777873439517,0.10482101268006556,0.10499677211103937,0.10447435399680774
03/23/2023,0.07624001232899448,0.07693466144906913,0.07701054801092112,0.07565242141590717
03/23/2026,0.06910777266116179,0.06997720400093045,0.07043984326091493,0.06894921113381025
03/24/2022,0.10464006864006864,0.10593633495841698,0.10510939510939511,0.1057703504792693
03/24/2023,0.07666652849250011,0.07623355847849271,0.07741538352268525,0.07604136418856855
03/24/2025,0.06775185026960247,0.06769323113860928,0.06789161492833568,0.06752443508305156
03/24/2026,0.06939981447124305,0.06906595448211797,0.06973006788850529,0.06906927563849317
03/25/2022,0.10515708154506437,0.10473943812995926,0.10488812480755413,0.1047394344366755
03/25/2024,0.06390110611285453,0.06383756827356922,0.06385508416229434,0.06373829990448902
03/25/2025,0.06756087142246903,0.06774489890130182,0.06790475904740585,0.06757281015324078
03/25/2026,0.06966944444444444,0.0694169758812616,0.06971490720599806,0.06911646679501751
03/26/2024,0.06410741138560688,0.0636091260891242,0.0638570173981154,0.06375630151714251
03/26/2025,0.06781080587899688,0.06756139217134417,0.06788827816006018,0.06752712714470198
03/26/2026,0.0693135632183908,0.06968333333333333,0.06944063446989278,0.06957049529722467
03/27/2023,0.07648320565704184,0.07670087464247434,0.07683618149675898,0.07663573539252319
03/27/2024,0.06442070900864784,0.06380423431121238,0.06423890088508175,0.06405994068966175
03/27/2025,0.06758617507267778,0.06779377827010062,0.06791980065525358,0.0675723976781022
03/27/2026,0.0688771689497717,0.06932413793103448,0.06917168949771689,0.06922534886934094
03/28/2022,0.10458547008547009,0.10478391099700471,0.10484041735685377,0.10469933184855233
03/28/2023,0.07643134944018856,0.0767754715865413,0.07663674132788416,0.07656589039433292
03/28/2024,0.0643697679410432,0.06404656897614644,0.06417887798169487,0.06409547678720612
03/28/2025,0.06784850443131461,0.06759817267315768,0.06790220583654984,0.06754624968828218
03/29/2022,0.10270948532539344,0.10411059123777115,0.10422118247554231,0.1028908680274428
03/29/2023,0.07691809074837949,0.07677732410201787,0.07710371243370655,0.07666713043684191
03/29/2024,0.06370305470044992,0.0639869250082903,0.0639725313757992,0.06364725946278839
03/30/2022,0.10305773160762942,0.10287721389645776,0.10330551771117166,0.10278099455040872
03/30/2023,0.07640247495580436,0.07721931767833408,0.07706450662739323,0.07665070072733723
03/30/2026,0.06899318546535681,0.06886803652968036,0.06917225930452879,0.06942202785130624
03/31/2022,0.10333361702127661,0.10307476158038147,0.10332993284026185,0.10298866251811441
03/31/2023,0.07680740958541604,0.07659648604754171,0.07694972067039106,0.07614811750103434
03/31/2025,0.06796168051708218,0.06787296898079764,0.06819081908190819,0.06783803513181359
03/31/2026,0.06836834702118971,0.06986396593393945,0.06980231487152963,0.06923190240534009
04/01/2022,0.1038068085106383,0.10326591314693635,0.10345260248655201,0.10374125978668967
04/01/2024,0.06409377219985792,0.06377990430622009,0.06419169329073482,0.06363528659100064
04/01/2025,0.06788855661651792,0.0680078485687904,0.0682049980386275,0.06776380818652945
04/01/2026,0.06874474649122408,0.06833794636780252,0.06882092186514581,0.06817568798979405
04/02/2024,0.06381235687135539,0.06393425589193785,0.06403900181788134,0.06365040381618099
04/02/2025,0.06753704131087007,0.06790416397377896,0.06803017718715393,0.06744337496305054
04/02/2026,0.06859738372093023,0.06882601389708888,0.06921522321631318,0.06863507972665148
04/03/2023,0.07695266098206409,0.07645093334893792,0.07724068567686178,0.07679007263210516
04/03/2024,0.06358003531856447,0.06385113115760639,0.06391245838940435,0.06360652946962245
04/03/2025,0.06696999076638965,0.067676329394387,0.06797019195275009,0.06695854982103683
04/03/2026,0.0685290515716424,0.06859738372093023,0.0686011702272418,0.06851025056947609
04/04/2022,0.10299109036911328,0.10355717802869513,0.10334836646975375,0.10313870474247833
04/04/2023,0.07704087033225522,0.07653343469489196,0.07704537945834686,0.0767242038403858
04/04/2024,0.06387722682400998,0.06363064554268148,0.06385702072991598,0.06357615894039735
04/04/2025,0.06735833371819147,0.06702123730378579,0.0675329410407292,0.06608431675153173
04/05/2022,0.10304250370057094,0.10279221328819298,0.1030344990628008,0.10269745104028781
04/05/2023,0.07745074977947662,0.07663752521856086,0.07700543192570528,0.07696709500985091
04/05/2024,0.063863754550182,0.06391989028657903,0.0641185647425897,0.06377468252654481
04/06/2022,0.10274092827004219,0.10295826997803682,0.10305376344086022,0.1029099342344706
04/06/2023,0.07753601881799471,0.07708818538240973,0.07722894837487265,0.07730961481917084
04/06/2026,0.06866666666666667,0.06852360865423868,0.06856132716888767,0.06828018223234625
04/07/2022,0.10308178752107926,0.1027467195476984,0.10298491764656388,0.10290168940925663
04/07/2023,0.07740664510438106,0.07701906513678433,0.07709088785728883,0.07730255807115555
04/07/2025,0.06785661527098144,0.06740497852491571,0.06794655836813808,0.06729524592663085
04/07/2026,0.06784759055260892,0.06839089837730034,0.06857265887045598,0.06801046643913539
04/08/2022,0.10359797724399494,0.10297793498399865,0.10336930505983623,0.1030311722276121
04/08/2024,0.06396465779961728,0.06386869593987805,0.06405570841336737,0.0639263896578321
04/08/2025,0.06859787626962142,0.06790277906010525,0.06865396151538923,0.06771788831924623
04/08/2026,0.06706018413533493,0.06812195676905575,0.06813862822430754,0.06691087080250427
04/09/2024,0.0638347232393867,0.06405304462934946,0.06412483167568334,0.06384313540090772
04/09/2025,0.06674052531966948,0.06864970916812851,0.06870331902321931,0.06669144123349645
04/09/2026,0.06686482564730421,0.0673211155378486,0.06733142883054459,0.0669586795674445
04/10/2023,0.07678023255813952,0.07688969364212495,0.07694636791315188,0.07734783887092031
04/10/2024,0.06443781207390761,0.06394058020348728,0.06449116349307472,0.06372101938864133
04/10/2025,0.06705423494114932,0.06674791118496977,0.06766858989153011,0.06674791118496977
04/10/2026,0.0673336960957693,0.06685575658640547,0.06749195120845237,0.06698383056251424
04/11/2022,0.10390073906968131,0.10349924204143507,0.10386724556379484,0.10364238969099987
04/11/2023,0.07681754793724578,0.07711108516724068,0.07697908192911097,0.07688254947314314
04/11/2024,0.0643359375,0.06421231022713898,0.06453972138554216,0.06409226785924443
04/11/2025,0.06554601283649628,0.06712280701754386,0.06727595754499308,0.06550433794384233
04/12/2022,0.10344557457830564,0.10394781144781146,0.1039542095567408,0.10319397274588955
04/12/2023,0.0768747457134554,0.07721433993110294,0.0771391243757984,0.07706087119044003
04/12/2024,0.06488429893927958,0.06438845366645493,0.06517489288794774,0.06457770625530217
04/13/2022,0.10290052576235542,0.10321845939211081,0.10341859889083406,0.10287044677590475
04/13/2023,0.07564767441860466,0.07723475672046934,0.07713571926562864,0.07590580345145874
04/13/2026,0.06732096939356014,0.06725842289030971,0.06798032905769841,0.06719808851974059
04/14/2022,0.10341088203770255,0.102836175953868,0.10352024476964587,0.10278222636957078
04/14/2023,0.0758139534883721,0.07572830781311347,0.07603287046861057,0.07528706213571901
04/14/2025,0.06554047190284897,0.065616197996029,0.06609664912766547,0.06542653918987576
04/14/2026,0.066739337352128,0.06704165344694739,0.06733898381906359,0.06683386436049157
04/15/2022,0.10338299663299663,0.10355723905723906,0.10371296296296295,0.10328367003367003
04/15/2024,0.06520574995004644,0.06490908449793721,0.06541261650936188,0.0648879276907345
04/15/2025,0.06587385141062936,0.06558664634990996,0.0661213464468763,0.06553077526896615
04/15/2026,0.06689218295840495,0.06675792050038526,0.06706051912382559,0.06699049919117815
04/16/2024,0.06531139835487662,0.06522806679526973,0.0658281621902307,0.06520799059929494
04/16/2025,0.06530336030228633,0.06593433993627927,0.06614941029541786,0.06524886585174304
04/16/2026,0.06706204958527852,0.06685990119204098,0.06714227439604768,0.06676229508196721
04/17/2023,0.07669244186046512,0.07587023222673007,0.076714322999739,0.0758723840119189
04/17/2024,0.06484023418212598,0.06536173614539983,0.06547130328466295,0.06486844889609931
04/17/2025,0.0655090816656653,0.06534653922519278,0.06571263731191729,0.06537864077669904
04/17/2026,0.06649639668222816,0.06706023659520464,0.06735258124461768,0.06622040072859746
04/18/2022,0.10373418545376674,0.10325884230866167,0.10346441398826219,0.10335755618355538
04/18/2023,0.0766936046511628,0.07659812845400082,0.0766681074620631,0.07653361564503182
04/18/2024,0.06488287864534337,0.06491721542803387,0.06507149576669803,0.06449388523047977
04/18/2025,0.06578353898054438,0.06557979387160882,0.06582896710905943,0.06558381502890173
04/19/2022,0.10390025146689019,0.10363643989598188,0.10397041536459968,0.10352333781061115
04/19/2023,0.07752258410557031,0.07699331913528021,0.07788286162147671,0.07670286681847376
04/19/2024,0.06444548651817116,0.06475993901723935,0.06535334114888629,0.06449067667409406
04/20/2022,0.10345157232704404,0.10394986165842206,0.10375330750034485,0.10345183630640083
04/20/2023,0.07684238026124818,0.07733372093023257,0.07738577648766329,0.07668430232558139
04/20/2026,0.06672392693650003,0.0664673888410461,0.06706414492320105,0.0668417689744877
04/21/2022,0.10413154587348135,0.10340470105166129,0.104034963836997,0.10348136033882668
04/21/2023,0.07717619738751813,0.0771742488269752,0.0773554304084303,0.07710339957808
04/21/2025,0.06572795783438902,0.06566985535375941,0.0656892875931002,0.06540560540190547
04/21/2026,0.06755902033865117,0.0667302724017586,0.06734079680913747,0.06697297544051857
04/22/2022,0.1037186172629543,0.1035887601100642,0.10378119800332779,0.10335532382776477
04/22/2024,0.06462292008436842,0.06452445174152692,0.06487227560346848,0.06447801102380674
04/22/2025,0.06615430870993108,0.06577419205696057,0.0661443861393005,0.06565440904038532
04/22/2026,0.06743569865012769,0.0675452514475904,0.06739699950142773,0.06728970255895177
04/23/2024,0.06434809505175076,0.06467074571582623,0.0646518490760475,0.06433200346188758
04/23/2025,0.0660048090261722,0.06615430870993108,0.06619752173108932,0.06575331681678205
04/23/2026,0.06761465796559121,0.06743524261218534,0.06762946621483318,0.06740546218487395
04/24/2023,0.07735907111756168,0.07754378806866202,0.07762061852080741,0.07752590314514222
04/24/2024,0.06458107632782271,0.06441362981022822,0.06454907046922517,0.06419842954558262
04/24/2025,0.06615996301433194,0.0660048090261722,0.06656819710554966,0.06596182669355884
04/24/2026,0.06738785196002374,0.06764751517364122,0.06763662010283479,0.0673488308366825
04/25/2022,0.10374273858921161,0.10354899105471188,0.10404647302904564,0.10367946510823305
04/25/2023,0.0778455732946299,0.07774738254250635,0.07800138107921475,0.07750897965972123
04/25/2024,0.06423466042154567,0.06461567321671434,0.06459876225341035,0.06438203776631447
04/25/2025,0.06651375722543353,0.06615950069348127,0.06676297237952156,0.06615078630897317
04/26/2022,0.10471028937838467,0.10384232034286853,0.10477341439914947,0.1034203794145985
04/26/2023,0.07767837445573295,0.07800354743973714,0.07782939532078273,0.07775340342658708
04/26/2024,0.06445092186128183,0.06425098039215686,0.06458999122036875,0.0641592039800995
04/27/2022,0.10359307890538716,0.10316030596801244,0.10395713175440749,0.10315294310140305
04/27/2023,0.0772969696969697,0.07752780352177943,0.07772374804122166,0.07769014379206528
04/27/2026,0.06729680365296803,0.06737644320722859,0.0671991635222985,0.06708394227256119
04/28/2022,0.10310921985815602,0.1027922077922078,0.10338530066815145,0.10259017324623686
04/28/2023,0.07721673881673881,0.07755507309306701,0.07744960285288102,0.0777768399975553
04/28/2025,0.06645806593355766,0.06651375722543353,0.06688038830463423,0.06637044507255964
04/28/2026,0.06708923609529449,0.06716166355395618,0.06734158196077539,0.06717671232876712
04/29/2022,0.10196004036326942,0.10285598803605352,0.1027406988943588,0.10194155828330502
04/29/2024,0.06440273789054997,0.06459793282864977,0.06482858086071303,0.06437624379712951
04/29/2025,0.06617257710523276,0.06648835869517435,0.06660600461893765,0.06623201386815532
04/29/2026,0.06778734061930783,0.06709470231858972,0.06798748696558915,0.06718721461187215
04/30/2024,0.06487698997141045,0.06447137131741158,0.06490052899901969,0.06438123993464405
04/30/2025,0.06591438518569925,0.06624144310823313,0.06625675613248949,0.0656899708148467
04/30/2026,0.067090710481999,0.06778415300546448,0.06777706977379273,0.06720013519407886
05/01/2023,0.07740369088811996,0.07720337736289921,0.07744971200198242,0.07717734973016832
05/01/2024,0.0644962641572168,0.06490742930464855,0.06500951814535484,0.0645651038800784
05/01/2025,0.06641185719570847,0.06588466518682945,0.06648080565436319,0.06578366752237563
05/01/2026,0.06696645578262254,0.06726986301369864,0.0672331709981339,0.06702739726027397
05/02/2022,0.10230104923325262,0.10198379097617033,0.10236302928513027,0.1020397774788205
05/02/2023,0.0770057372346529,0.07736578341013825,0.07711302352266207,0.07722815730207311
05/02/2024,0.06406590573511145,0.06456627634660421,0.06480153619183664,0.06406244140258766
05/02/2025,0.06472029588534443,0.06641185719570847,0.06651039260969976,0.06433220009713453
05/03/2022,0.1017231638418079,0.10242314062941867,0.10220106408258117,0.10182952451756795
05/03/2023,0.07655995410212278,0.0773410138248848,0.07700280617875273,0.07659874842977492
05/03/2024,0.06350820440693859,0.06413220815752461,0.06435771214252227,0.06316455696202532
05/04/2022,0.10074217775237666,0.10168541591064877,0.10197761704387284,0.10105326098813414
05/04/2023,0.07590074584050488,0.0768736148288864,0.07664888123924268,0.07606299167235574
05/04/2026,0.06722723132969034,0.06708422539060721,0.06732693095443995,0.06681510611136612
05/05/2022,0.10206674708484118,0.10088915759774285,0.10231301583223609,0.10079967754937526
05/05/2023,0.07539170243204578,0.07594088952654232,0.07574898356828333,0.07570503410759001
05/05/2025,0.06360634509550016,0.06472029588534443,0.06468591224018476,0.06313890559230306
05/05/2026,0.06688988027495789,0.06721357012750455,0.06730805121972315,0.06694855113966973
05/06/2022,0.10193845116547871,0.10197840859800472,0.10242117636675105,0.10180757502099262
05/06/2024,0.06346182669789227,0.06365098719692351,0.06376299765807962,0.06345964451531211
05/06/2025,0.06363506012950972,0.06360680756601766,0.06425176117334566,0.06356610320140546
05/06/2026,0.06587240829346092,0.06697045568352529,0.06713895589640889,0.06566401971522454
05/07/2024,0.06362865839381877,0.06356985414810298,0.06374001399737372,0.06349276358543286
05/07/2025,0.0647068622460784,0.06362034682080925,0.06487445086705203,0.06363796214890564
05/07/2026,0.06651345189238486,0.0660118478013215,0.06647565253040587,0.06596224520075783
05/08/2023,0.07562174535050072,0.07565569300536724,0.0758142472910825,0.07567496181628178
05/08/2024,0.06389627784126033,0.06363674663545933,0.06402977846302141,0.06363080125748125
05/08/2025,0.06498681593190545,0.06470732497339318,0.06508581209233474,0.06440007403637037
05/08/2026,0.06658164427237531,0.0664330297875635,0.06697838452787258,0.06639977345287956
05/09/2022,0.10190408406439178,0.1015572414123892,0.10217969930220847,0.10159800369508361
05/09/2023,0.0758752503576538,0.07584128895387174,0.07582682810487198,0.07578608225220103
05/09/2024,0.06397160129340644,0.06397206991892777,0.06436805848446506,0.06388115656778669
05/09/2025,0.06457425650987467,0.06502727560979561,0.06547093289431699,0.06455833636210005
05/10/2022,0.10007683261466092,0.09996158369266954,0.10022726382195056,0.09971920467469311
05/10/2023,0.07540829756795422,0.07566921497033317,0.07561865039344058,0.07536746289590818
05/10/2024,0.06417567073685,0.06400839651020045,0.0642853126669228,0.06389547469333058
05/11/2022,0.09972943469785575,0.09963747048838072,0.09984795321637427,0.09930846621553062
05/11/2023,0.0757875854214123,0.07506890660592255,0.07598212506760026,0.07513521231331563
05/11/2026,0.0672529878660706,0.06664311437297717,0.06722596504005826,0.0666853740332626
05/12/2022,0.10053785007964544,0.09973801169590644,0.10062602375699851,0.09978536082796084
05/12/2023,0.07663863531265523,0.07590898722627738,0.07652540972867046,0.07587901971139435
05/12/2025,0.06554255319148936,0.06457425650987467,0.0659279470933728,0.06440126755025097
05/12/2026,0.06814784394250513,0.06726940972539003,0.0680722205778557,0.0671884269611646
05/13/2022,0.09958210489829143,0.10054953400606785,0.1006173007793179,0.09956418954444371
05/13/2024,0.06394149309618534,0.06424407980433132,0.06420167517187694,0.0640063577351272
05/13/2025,0.06554070305272895,0.06554861689332964,0.0660563901086203,0.06512736274668579
05/13/2026,0.06796532846715328,0.06815286333561488,0.06830528928254287,0.06783722644899003
05/14/2024,0.0639004965340937,0.06400655584172324,0.06423125987477324,0.06386393652994127
05/14/2025,0.06515429100161925,0.06552251918986406,0.06576434151527759,0.06428647460372555
05/14/2026,0.06809174228261365,0.06797217153284672,0.06809241975870704,0.06789988820697679
05/15/2023,0.07604555808656036,0.07657093968344503,0.07641769810783895,0.07614442700156986
05/15/2024,0.06339647396473964,0.06397189037245257,0.06402287384260885,0.06338791666959621
05/15/2025,0.06464095806168216,0.06512416184971098,0.06530843367924746,0.06430313548536389
05/15/2026,0.06825562823676302,0.06810861337832293,0.06864668739557774,0.06810752064587276
05/16/2022,0.09681512287334594,0.09682065495189522,0.09724565381708239,0.09664291285810571
05/16/2023,0.07644362186788155,0.07605921708185054,0.07639100907677308,0.07613474417741221
05/16/2024,0.06322479311719062,0.06345828351735941,0.06351782825796469,0.0629617647748318
05/16/2025,0.06469965317919076,0.06464095806168216,0.0648776203573162,0.06419252574337614
05/17/2022,0.09562098905247263,0.09693373197593007,0.0967497168742922,0.09572355716438595
05/17/2023,0.07595957870765728,0.07643546321332005,0.07627661204729012,0.07600934400839705
05/17/2024,0.06333060038885896,0.06322107728337237,0.06368029217586739,0.06313766842413591
05/18/2022,0.09629747086339491,0.09583900741413225,0.09632605030606818,0.09571746637586333
05/18/2023,0.07597096498719044,0.07595447432067151,0.076099826346948,0.07573043438625279
05/18/2026,0.06794799270072993,0.06836961979095349,0.06862724561123887,0.06795015746953308
05/19/2022,0.09514770158251695,0.09648393194706995,0.0963615089711321,0.09546063436083341
05/19/2023,0.07518865248226951,0.07591782147227044,0.07569365357266294,0.07535876993166286
05/19/2025,0.06425070513709714,0.06469965317919076,0.06480569618790023,0.06415735951365306
05/19/2026,0.06883862131933349,0.06794662408759125,0.0689370964363451,0.06796534226115712
05/20/2022,0.09593898305084746,0.0953415048085989,0.09607516427139479,0.09536555348338531
05/20/2024,0.06371300406413605,0.06342664386610133,0.06380858734841036,0.06343057996485062
05/20/2025,0.06449048527965759,0.06425070513709714,0.06460457267031926,0.06424651322060879
05/20/2026,0.06834185070268298,0.06883086053412463,0.06893088921780713,0.06811184661036293
05/21/2024,0.0638407494145199,0.06375321938656053,0.06407489760093622,0.06367014173597282
05/21/2025,0.06362008329477094,0.06446186577864113,0.06448220850384963,0.06329128573081819
05/21/2026,0.06862520532943968,0.06833135608687717,0.06893635432084709,0.06828941063727839
05/22/2023,0.07453900709219859,0.075291744787228,0.07514248484505126,0.07463239682386308
05/22/2024,0.06390008076882557,0.06387537744902975,0.06402619883040936,0.06368351179033781
05/22/2025,0.06397732006479982,0.06360536664353458,0.06413966932593362,0.06356383840722306
05/22/2026,0.06935903284671532,0.06861440067149607,0.06927252441995492,0.06863276041571535
05/23/2022,0.09420875446092548,0.09566088243156243,0.09533891799386612,0.09475427981943246
05/23/2023,0.07494638408594453,0.07464118365376424,0.07500737295825771,0.07432067611269302
05/23/2024,0.06390932460855339,0.06391731362828548,0.0640163589623744,0.06360536900196427
05/23/2025,0.06322733869903681,0.06397732006479982,0.06404176526238604,0.0631317937141865
05/24/2022,0.09492598433495052,0.0946874764949229,0.09519379262404419,0.09493989903944101
05/24/2023,0.07471975063757438,0.07487650645115554,0.07489683261250699,0.07464870329770194
05/24/2024,0.0637891580894028,0.0639474852243792,0.06410690863941673,0.0637938932725029
05/25/2022,0.09527252209892798,0.09499039656535985,0.09553405787848972,0.09496909858305698
05/25/2023,0.07544290167186173,0.07475808508829115,0.07539009219589221,0.07471481594987571
05/25/2026,0.06902249806051203,0.06935903284671532,0.06939826642335767,0.06873043398895633
05/26/2022,0.09480214129056772,0.0951760104302477,0.09541497431889655,0.09475636549690002
05/26/2023,0.07495947860583735,0.07531115637021951,0.07529431051490561,0.07496861477075321
05/26/2025,0.06337359433569346,0.06320144384284326,0.06350270720533112,0.06293026053958999
05/26/2026,0.06875501824817518,0.06899876785469812,0.06916323231403265,0.06850363322154775
05/27/2022,0.09305016722408027,0.09397820356513018,0.09380379041248607,0.093125883173197
05/27/2024,0.06350895709188725,0.0638395942689556,0.06391758354659742,0.06355052023985205
05/27/2025,0.06368957926825033,0.06337359433569346,0.06374072291832465,0.06316437674348616
05/27/2026,0.06853134410073912,0.0687632299270073,0.06874837769530272,0.0681707681737356
05/28/2024,0.06357536164255717,0.06361996869670848,0.06367848810079328,0.06332001775410563
05/28/2025,0.06363253402462735,0.06366791614605026,0.06378541699923422,0.06341074675964
05/28/2026,0.06824082098061574,0.06852815037868419,0.06879837901830435,0.0681292801869419
05/29/2023,0.07484850197851893,0.07481232334652346,0.07500056529112493,0.07467382702091577
05/29/2024,0.0639433970629759,0.06364302379841344,0.06400291083469584,0.06373198796661556
05/29/2025,0.0634697088906373,0.06363299694472734,0.06414541583746008,0.06337237292843255
05/29/2026,0.06877857370990556,0.06824629418472064,0.06879610235861944,0.06810714611663776
05/30/2022,0.0919950830663786,0.09320569172316173,0.0933904492289354,0.09197273336809952
05/30/2023,0.0743841059602649,0.07467508313137576,0.07474996690634919,0.07463875105207822
05/30/2024,0.06398127204862566,0.06385417636651458,0.06430187906881546,0.06377528560947489
05/30/2025,0.06403620873269436,0.0634697088906373,0.06405933262368678,0.06335092836968098
05/31/2022,0.09236133828996282,0.09202353466895062,0.09243579454253613,0.09207148156847832
05/31/2023,0.07442919543469072,0.07440182825968726,0.07484460766780542,0.07418459872783868
05/31/2024,0.06429005157889105,0.06405864556667443,0.06458206407746221,0.06398221125301233
06/01/2022,0.09256346204526138,0.09223608363367766,0.09268891998530138,0.09207350795989801
06/01/2023,0.07310721247563354,0.07356495132127955,0.07355288867178826,0.07396984641397775
06/01/2026,0.06905381578137011,0.06865081899895058,0.06914564167957009,0.06848733453402453
06/02/2022,0.08887997133643855,0.08937513436044428,0.08993479039770691,0.0891606180380884
06/02/2023,0.07265201668984701,0.07300108402590544,0.07303275272939412,0.07237620175560819
06/02/2025,0.06375526644752072,0.06403620873269436,0.06406500300939859,0.06348150206047136
06/02/2026,0.06918103055175559,0.0690796258270591,0.06924127569487126,0.06888822440487467
06/03/2022,0.08961519168756718,0.08893873163740595,0.08973414546757434,0.08874740236474382
06/03/2024,0.06353745754656837,0.06434369984415342,0.06412849797599932,0.06378869996045684
06/03/2025,0.0638321218574934,0.06375480346312329,0.06392610769017085,0.06358164729848603
06/03/2026,0.0699393715695723,0.06919425444596443,0.06994279368864657,0.06916025203621252
06/04/2024,0.06364260053308611,0.06381335628387337,0.0639175066620322,0.06368356167569957
06/04/2025,0.06307889666926013,0.0638321218574934,0.06383164832011626,0.06306389780058141
06/04/2026,0.06972287950491446,0.06992572339940761,0.07008527572484366,0.06939757387814666
06/05/2023,0.07208534220005541,0.07224182753470877,0.07249212054188554,0.07235438108484005
06/05/2024,0.06343484911695174,0.06387600501928709,0.06384695929354423,0.06354619817810002
06/05/2025,0.06279921983942775,0.06306370960274099,0.0631627648746183,0.06262733466190851
06/05/2026,0.07092190840041843,0.06974381143065163,0.07104396853544309,0.06981429580513591
06/06/2022,0.08848143720177323,0.08842482226672176,0.08854345519096592,0.08819450087083087
06/06/2023,0.07199722914934885,0.07189478919157871,0.07204620024525238,0.07209550119487775
06/06/2024,0.06322253129346314,0.06349246813441482,0.06352641334569045,0.06336523274180061
06/06/2025,0.06301710039241486,0.06278845708462642,0.06309070408709,0.06271366332962551
06/07/2022,0.08756439790575915,0.08759511343804537,0.08796858638743456,0.0875592201802809
06/07/2023,0.07249986145746744,0.07179372445033698,0.07210652099692728,0.07183319479080078
06/07/2024,0.06394731349859703,0.06326425591098747,0.06400198402581088,0.0632282273924821
06/08/2021,0.11831455845335354,0.11764456682906163,0.11830664220493921,0.11765123996401473
06/08/2022,0.08759173432763007,0.08745513468306791,0.087738788026623,0.08733804927344323
06/08/2023,0.07181873872175762,0.07207865168539326,0.0721067530207404,0.07186480335108492
06/09/2021,0.1179291754756871,0.11827724867724868,0.11821591185201619,0.11803282167737554
06/09/2022,0.08781745108187815,0.08746486712119105,0.08799502801947127,0.08719948515471448
06/09/2023,0.07098538737248414,0.07137847508945774,0.0714804682984825,0.07129842061512884
06/09/2025,0.06273241002362313,0.06300921851114097,0.06318701799634656,0.06266856765309316
06/10/2021,0.11751928156365557,0.1182918564015673,0.11825250924458532,0.11775177380069894
06/10/2022,0.08722438126406218,0.08629991126885538,0.08753323788095725,0.0861212245176246
06/10/2024,0.06331354400973487,0.0636280227759976,0.06372497984567546,0.06372221603770084
06/10/2025,0.06332333733482269,0.06273241002362313,0.06341306426555471,0.06263954094940011
06/11/2021,0.11801268498942918,0.11781848988668854,0.11795535889415928,0.1177029228100147
06/11/2024,0.06336975273145486,0.06332320022108608,0.06354870615296147,0.06335061643046434
06/11/2025,0.06348081912527799,0.063295033358043,0.06372776954427566,0.06312508689808592
06/12/2023,0.07083209263854424,0.07069587416618628,0.07105302153022079,0.07073614557485525
06/12/2024,0.06292285537766161,0.06342495687176539,0.06341567555283148,0.06272984473835537
06/12/2025,0.06280913978494625,0.0634649061848506,0.06352954798073361,0.06262596764474111
06/13/2022,0.08783951037062224,0.08710212167732669,0.08798384931464946,0.08709847682547683
06/13/2023,0.06990350151640475,0.07038014899211217,0.0704256053278711,0.06986876206231045
06/13/2024,0.0631328896029378,0.06302656982623885,0.06329905898554052,0.06278514302265972
06/13/2025,0.06336222881513072,0.06281377456433074,0.06364590063708428,0.0627590924373645
06/14/2021,0.11820445867561197,0.11817845046570702,0.11803679843692531,0.11820540343314864
06/14/2022,0.08757750477083036,0.08794521293976691,0.08778667427283038,0.08749387321642522
06/14/2023,0.06980876712328767,0.06992114695340501,0.06999010620794456,0.06979597463468432
06/14/2024,0.06343080100986917,0.06302374029898583,0.06352556031226392,0.06310167546476934
06/15/2021,0.11812295852494603,0.11826100762066045,0.11819818488033831,0.11820311440965163
06/15/2022,0.08671400798672724,0.0875296448722429,0.0877875001272312,0.08672215078425319
06/15/2023,0.06933922989776559,0.06954758786291203,0.07020393017151526,0.06933171715848069
06/16/2021,0.11973361522198732,0.11830388318696433,0.11983594309012488,0.11807334740807765
06/16/2022,0.08585338220593136,0.08457691035395304,0.0857816738339398,0.08510896367877374
06/16/2023,0.0695449591280654,0.0689834926151173,0.06945846731120643,0.06910517711171661
06/16/2025,0.06301242236024845,0.06336918227331727,0.06339796022343057,0.06275433264505952
06/17/2021,0.11984152139461172,0.11977585113131739,0.11974017330204854,0.1192148502517834
06/17/2022,0.08609404430516894,0.08591469004717217,0.08645475305452303,0.08549597453036187
06/17/2024,0.0629142201217244,0.06314898084955833,0.0631542212753922,0.06334350892356354
06/17/2025,0.06404685529926575,0.06300315194215259,0.06401582170018434,0.06284527759088696
06/18/2021,0.11999078083767509,0.11987214708368554,0.1202088715486448,0.11931398109904755
06/18/2024,0.06282251082251082,0.06293193478508723,0.06314357958040047,0.06286098879788278
06/18/2025,0.0637776335913241,0.06404923048396069,0.0640090789077518,0.06346523865822844
06/19/2023,0.06978285714285715,0.06928718672019095,0.06966429849774933,0.07038323683484975
06/19/2024,0.06291435079726651,0.06289269760233385,0.06303848781598724,0.06281649033199563
06/19/2025,0.0637882543727557,0.06376882791861704,0.06421983926627603,0.06352294853963839
06/20/2022,0.08550696812208282,0.08559782608695653,0.08581945777748354,0.08526664239134034
06/20/2023,0.07008868335146899,0.06983727891156463,0.06774378991634138,0.06955047619047619
06/20/2024,0.0634064457351099,0.06301622755036923,0.06341512250172922,0.06301578785145949
06/20/2025,0.06363206672845227,0.06381367323290846,0.06395460335842501,0.06325838008252585
06/21/2021,0.11944893436643184,0.11977581862916804,0.11990722861264894,0.11960833877130991
06/21/2022,0.08543941052548029,0.08546011134178755,0.08556666953147209,0.08515881074680576
06/21/2023,0.07009412404787813,0.06769250163487524,0.06812374101475195,0.07003401110466652
06/21/2024,0.06307457935425194,0.06335365298880903,0.06338972260118236,0.06313267281630794
06/22/2021,0.11971291795287183,0.11943951868271056,0.11987221321656384,0.11954936441641485
06/22/2022,0.08662082777036048,0.08546388377192257,0.08633499905744929,0.08616088117489987
06/22/2023,0.06958885017421604,0.06908281961940499,0.0698584829804342,0.06894130259983917
06/23/2021,0.119904696957861,0.11962331838565023,0.11975431345018171,0.11959156789422547
06/23/2022,0.08735282258064515,0.08641760729863816,0.08692693171697838,0.08711827956989247
06/23/2023,0.07006211512717538,0.0681567207263948,0.06882748123655066,0.06948539265612437
06/23/2025,0.0635609326472906,0.06365317758308997,0.06445304448319866,0.06354207005298612
06/24/2021,0.11933534902618818,0.1198976253298153,0.1197519334843523,0.11937723574143683
06/24/2022,0.08664806722689077,0.08658076116272101,0.08672593480504778,0.08659563025210083
06/24/2024,0.06298790100908219,0.06316280127330605,0.06326750253166281,0.06295952705775353
06/24/2025,0.06300987528397237,0.06355676076577202,0.0635752843870908,0.06288330474291808
06/25/2021,0.11891910141759264,0.11928044134616904,0.11908883290610552,0.11876286307141619
06/25/2024,0.06313695930544078,0.06299582084128282,0.0632052864715707,0.06316022482730606
06/25/2025,0.06302499188575138,0.06300802077055033,0.06334522706209453,0.06283327919818106
06/26/2023,0.06980369082642418,0.06872371150261244,0.06876729592774437,0.06965568942436412
06/26/2024,0.06322024282310224,0.06312165472194502,0.06328812482990112,0.06298241234539885
06/26/2025,0.06296638070948295,0.06298656163113994,0.06308209847368568,0.06270934817907678
06/27/2022,0.08635126290173702,0.0858164100720861,0.08608731537504076,0.08612771967582472
06/27/2023,0.06949344744584114,0.0685493738020847,0.06860182522225397,0.07042548333079615
06/27/2024,0.06282173282581112,0.06318243610657966,0.06324859525104223,0.0626921334058365
06/27/2025,0.06326286509040334,0.06296730813818688,0.06331031286210892,0.06278980212030529
06/28/2021,0.11924680894171676,0.11898047493403693,0.1190756780453036,0.11913803696876826
06/28/2022,0.08673726609045901,0.08637274481832677,0.08680036922044139,0.0860263489133171
06/28/2023,0.07008835341365462,0.06830381077529567,0.06890227749027548,0.06946720214190094
06/28/2024,0.06254722536806342,0.06288336052202284,0.0629753114382786,0.06229110023563531
06/29/2021,0.11930627306273062,0.11915867158671586,0.11963732208750659,0.11911414106097307
06/29/2022,0.08659215090273598,0.08606732594146439,0.08660880779931326,0.08590445732560463
06/29/2023,0.07070641711229947,0.06875003281787392,0.06934405616388117,0.06988915662650602
06/30/2021,0.1191676145078201,0.11943253191058284,0.11907309464549981,0.11900250990110522
06/30/2022,0.08563504125415285,0.0865961416309441,0.08674778930285304,0.08562506443363252
06/30/2023,0.0701392,0.06928913675280811,0.06936035399156913,0.07029786096256684
06/30/2025,0.06277215777262181,0.06328680085335311,0.06325352863466753,0.06251775189121456
07/01/2021,0.11946603475513427,0.11921446646984396,0.11962784134288827,0.11908559052533475
07/01/2022,0.08647711003828867,0.08576993507574496,0.08675212252372232,0.08575328783086399
07/01/2024,0.06265550575342962,0.06259198839949248,0.06276335041062507,0.062436647173489276
07/01/2025,0.0629412583518931,0.06277401392111369,0.06306279565902978,0.06259660686517975
07/02/2021,0.11925459679724726,0.11959835547122075,0.11998705929960038,0.11919974927531489
07/02/2024,0.062764427920962,0.06266554941570794,0.0629414333587515,0.06263007614213198
07/02/2025,0.06294101266997726,0.06293801039346697,0.06324655542958887,0.06282258719749288
07/03/2023,0.06957588690317418,0.06894769907334694,0.06896549918852415,0.06949533208855695
07/03/2024,0.06283756841990792,0.0627792113721762,0.06300856688481646,0.06261511965192168
07/03/2025,0.06327439788389252,0.06294983060286816,0.06351712609059566,0.06279631800717361
07/04/2022,0.08628491527116555,0.08648799813563272,0.08657056297233413,0.08603056230648866
07/04/2023,0.06781317126840257,0.06835332949127679,0.06854613087441713,0.06774453816733902
07/04/2024,0.06248449454479606,0.06281814477794377,0.06283987505093032,0.062441939426864046
07/04/2025,0.06322892013550513,0.06327114947329343,0.06345074017355794,0.06302659056104692
07/05/2021,0.11898368845013438,0.11921665788086452,0.11910692936254154,0.11905719257920137
07/05/2022,0.0870300926849377,0.08629690048939641,0.08742664991992131,0.08618213310239159
07/05/2023,0.06932145705929274,0.06763705696450492,0.06824145747803649,0.06883328901887796
07/05/2024,0.06235877689694224,0.06248902168500158,0.06267056000724341,0.06233929784824462
07/06/2021,0.1198264085071216,0.11907319641916797,0.12004587136641069,0.11902668488390725
07/06/2022,0.08673187560447887,0.08715422256249791,0.08710257151304358,0.08678457234212629
07/06/2023,0.06831178657621811,0.0679839424430426,0.06853447601770327,0.0678420924910695
07/07/2021,0.12038548666742599,0.11981557593002425,0.12055603317487609,0.11973496548348439
07/07/2022,0.08625527205288504,0.08675514077087468,0.0869944396252314,0.08614094037802572
07/07/2023,0.06773000884523962,0.06959659845867659,0.06835798241747924,0.06887908583576934
07/07/2025,0.06383248259860788,0.06316580815815119,0.06402746207728348,0.06319513440735411
07/08/2021,0.12086047166141907,0.12040486154469213,0.12128328392630543,0.12018338367560452
07/08/2022,0.0860243917834706,0.08639597963191001,0.08653614467828068,0.08610387447113302
07/08/2024,0.06266228765571914,0.06233076923076923,0.06271493212669683,0.06235334088335221
07/08/2025,0.06359184999535877,0.06387318386482849,0.06383867997392977,0.06338654437801126
07/09/2021,0.12053435460430843,0.12081753055204382,0.12112254061298205,0.1206769512702337
07/09/2024,0.06254584925714028,0.06260283575676714,0.06274123154157527,0.062443635376857154
07/09/2025,0.06377378631764596,0.0635874709976798,0.06398227830484099,0.06363176224750407
07/10/2023,0.0680225101426515,0.06774614100959532,0.06817287419110193,0.06879968203497615
07/10/2024,0.0624293453724605,0.06252756190131935,0.06267373885565963,0.0626083805209513
07/10/2025,0.06368291550603529,0.06377378631764596,0.06388798663635098,0.06360724233983286
07/11/2022,0.0871386975828968,0.08618431124571505,0.08724705694931681,0.08625911983209514
07/11/2023,0.06747492163009404,0.06786581386242005,0.06790976659277612,0.06881515070685516
07/11/2024,0.06192217271415377,0.0624803611738149,0.06251788850215113,0.062030380767149465
07/11/2025,0.06398923583723844,0.06366386710593476,0.0640178689471377,0.0636918108205444
07/12/2021,0.12078462348604528,0.12066055625790138,0.12080567226890755,0.12078251378118582
07/12/2022,0.08685476626185328,0.08725070703709865,0.08762136083846282,0.08684145732823158
07/12/2023,0.06658777429467085,0.06745176869860331,0.06760769094342378,0.06656945446183114
07/12/2024,0.06201670428893905,0.0619758383199729,0.06229358005190116,0.06187214818161283
07/13/2021,0.12098264071541294,0.1208448330348678,0.12129405576012627,0.12022966708807417
07/13/2022,0.0866812161798559,0.0869257127648957,0.08704310553768208,0.08665623751830648
07/13/2023,0.06619098628347485,0.06656919060052219,0.06677116805074489,0.0661541918592802
07/14/2021,0.12025433526011561,0.12100157811678063,0.12109931686810299,0.12021357180431354
07/14/2022,0.0875884094613926,0.08683588941747895,0.08831431518014571,0.08673275890748194
07/14/2023,0.06627354670150229,0.06619616037612643,0.06639183762982148,0.06587845257642469
07/14/2025,0.06419218839960626,0.06398969980977126,0.06421082170463531,0.06392648442673421
07/15/2021,0.11997792958486599,0.12027009984235416,0.12068313189700472,0.11969837099316868
07/15/2022,0.08765357368543586,0.087642930787907,0.08844114810257092,0.08757774304054278
07/15/2024,0.062490744920993234,0.062072810165436615,0.06254433064115869,0.06207538221810709
07/15/2025,0.06430731413199758,0.06415772938004391,0.06437676725536551,0.06392382721783557
07/16/2021,0.11994431018177998,0.11997057896395923,0.12023536828832615,0.11957444572869602
07/16/2024,0.06241767666508678,0.0625323312343422,0.06265240255490104,0.06236486333987857
07/16/2025,0.06435312645688321,0.06429260375608625,0.06465816917728853,0.0642035054344674
07/17/2023,0.06600496407576747,0.06619315811430955,0.06622985157839614,0.06602642499503485
07/17/2024,0.06216505073280722,0.06247584650112867,0.062448427460263786,0.062129322221469385
07/17/2025,0.06454857407836773,0.06424113146301877,0.06474855156431054,0.06425840872187427
07/18/2022,0.08763661020554685,0.08773569219513817,0.08776869050306033,0.08744680142528889
07/18/2023,0.06625740842104712,0.06601645553088677,0.06618386117340531,0.06582907728975144
07/18/2024,0.06243427282976325,0.062317125499672534,0.06255016910935739,0.06214142144131529
07/18/2025,0.06450595817684425,0.06454764664966381,0.06463895068594736,0.06435398147933252
07/19/2021,0.12075865687303253,0.11988457502623295,0.12125918153200418,0.11981741867785937
07/19/2022,0.08676044353444837,0.08769643949264765,0.0877496210811817,0.08677772755072195
07/19/2023,0.06633193717277487,0.06606500456859418,0.06627182484266798,0.06605602094240838
07/19/2024,0.06262863585118376,0.0625032694475761,0.06276420198376916,0.06241091565178169
07/20/2021,0.12021686746987952,0.12068308014667366,0.12080356207438449,0.12012048192771084
07/20/2022,0.08729092988007552,0.0867112505650544,0.0873653841040232,0.0865769670540059
07/20/2023,0.06687727404892692,0.06638429319371728,0.06702246558705513,0.06610182812770171
07/21/2021,0.12022071129707113,0.12034685109504349,0.12096652719665273,0.12020119459289531
07/21/2022,0.08682957959954264,0.08733081607147607,0.08754221288589892,0.08685550562395299
07/21/2023,0.06736994832765453,0.06686544502617801,0.06757203175758274,0.0668353369476965
07/21/2025,0.06411647424305653,0.064506421848194,0.06457777159807193,0.06406336982742625
07/22/2021,0.12059969141237536,0.12045373572251912,0.12076515036471885,0.1202816213047167
07/22/2022,0.08689056846559724,0.08680684271715662,0.08725905840937945,0.08694801304666179
07/22/2024,0.06256156968876861,0.06267553551296505,0.06273280721533257,0.06254397834912043
07/22/2025,0.06405204805863525,0.06411647424305653,0.06440072302558399,0.0640334164877879
07/23/2021,0.1206742971879133,0.12055939660590823,0.12085992441351437,0.12031039589215223
07/23/2024,0.062497009636868356,0.06265047732966214,0.06269967726646956,0.06238190886727301
07/23/2025,0.06375515882216555,0.0639374681078072,0.06410226693245562,0.06376409447357431
07/24/2023,0.06743647136273864,0.06689456171363212,0.06701570136217115,0.06725635286372614
07/24/2024,0.06231605049594229,0.06250507328072154,0.06254122997602189,0.062312752384589484
07/24/2025,0.06368604165700237,0.0636623834485318,0.06375689583236753,0.06334091225465176
07/25/2022,0.08697630759331185,0.08704612625776242,0.08706718042335229,0.0869264270753682
07/25/2023,0.06629730354531453,0.06651157960328176,0.06675389883664477,0.06672044292078391
07/25/2024,0.06232125506392323,0.062429505977893075,0.06259260928346103,0.062255263734006805
07/25/2025,0.0641613725944818,0.06355615345363455,0.06419420625724218,0.06357384808129553
07/26/2021,0.12055857740585774,0.12067874725044515,0.12097428392222455,0.1205886665968367
07/26/2022,0.08689855533887848,0.08708011022210418,0.08704410517387616,0.08685321192383104
07/26/2023,0.0670253164556962,0.06625389246418932,0.06656582351063912,0.06688502109704642
07/26/2024,0.06238888675974291,0.06238933763771504,0.06260575906433803,0.06227075673104452
07/27/2021,0.12061128526645767,0.12074054676861842,0.12107105538140021,0.12033727872630144
07/27/2022,0.08650338441974752,0.08696427979171503,0.08716185129897426,0.08665677812841162
07/27/2023,0.06662756902636495,0.06598609092796347,0.06668777247249326,0.06575565704795516
07/28/2021,0.12019540229885058,0.12092175552529591,0.12120794148380355,0.12051631873841886
07/28/2022,0.08576431645150613,0.08665516898278663,0.08657352780779948,0.08605785351699317
07/28/2023,0.06667522262964903,0.06638252778495736,0.06641974670457483,0.06669879518072289
07/28/2025,0.06442486902498956,0.06415441687920241,0.06445845112851648,0.06391463697517978
07/29/2021,0.11970331772711135,0.1205027757410705,0.12028627657741839,0.11981782748241572
07/29/2022,0.08627112135176651,0.08580403839788149,0.08665354135301027,0.08578409463365215
07/29/2024,0.06224686019852157,0.06243848333667734,0.06255435897551508,0.062207182936974026
07/29/2025,0.06435179606025493,0.06444109601743243,0.06469724345610378,0.0642829322576158
07/30/2021,0.12045600056911147,0.11975489682622813,0.12056827187008304,0.11986208995639144
07/30/2024,0.06230277089434557,0.06234333408526956,0.062421356759043416,0.06226398060838047
07/30/2025,0.06451400787219264,0.0643205930044012,0.06464320444547349,0.06387485515643106
07/31/2023,0.06694747871643746,0.06578816843192974,0.06610281580986825,0.06658905582212434
07/31/2024,0.061670270270270264,0.062424242424242424,0.06246486486486487,0.06163374819624819
07/31/2025,0.06439167630057803,0.06451400787219264,0.06468763005780347,0.06417179902755267
08/01/2022,0.08652084712111184,0.08629230891466709,0.08653252921320853,0.08619401254728418
08/01/2023,0.06761967213114754,0.06597914731082895,0.06664085888303913,0.06687895081967214
08/01/2024,0.061693613799816145,0.06168866861905835,0.06172875619920255,0.061427945962292764
08/01/2025,0.06420291194823204,0.06441294797687862,0.06502287959325168,0.06405092592592593
08/02/2021,0.12018599791013584,0.1205925460636516,0.1206489028213166,0.12023764656616415
08/02/2022,0.08684673949023501,0.08670003646368549,0.08691793514228988,0.08646534292438758
08/02/2023,0.06813165486493575,0.06655311241870548,0.06725313404796679,0.06751160655737705
08/02/2024,0.06112322595179095,0.061743185402117595,0.06212209957197567,0.061153863482766385
08/03/2021,0.12023031825795645,0.12043132328308206,0.12080297319932999,0.12003664154103852
08/03/2022,0.08589950738916256,0.08711634499476759,0.08633150631910755,0.08652687075280498
08/03/2023,0.06813585103592971,0.06687096359192075,0.06711591406149492,0.067901914503016
08/04/2021,0.119619644723093,0.12022503663387064,0.12013793103448277,0.1193238434163701
08/04/2022,0.08554417077175698,0.08600834949541435,0.08604770849108867,0.08567451777852363
08/04/2023,0.06719896940418679,0.06689463527595524,0.06752541117088194,0.0668346784584145
08/04/2025,0.06404298590247284,0.06420337416223712,0.06430228795932517,0.06390833333333333
08/05/2021,0.11950015740356286,0.11977913453209413,0.11948793712049541,0.11951236123408021
08/05/2022,0.08557150507781827,0.0855563946806764,0.085741956664478,0.08510831333618224
08/05/2024,0.06158353145316673,0.06121125395770189,0.06194409077080822,0.061046298069880905
08/05/2025,0.06435220417633411,0.06404391033048301,0.06442061474462676,0.06413457076566124
08/06/2021,0.11957493472584857,0.1192845535922085,0.11962421320420959,0.11929187614110165
08/06/2024,0.06199909788001804,0.06176704288939052,0.062268380694632385,0.06166049661399548
08/06/2025,0.0641050925925926,0.06433781902552205,0.064313109375722,0.06421438515081206
08/07/2023,0.06733540220708482,0.06711554789410039,0.06735770757597977,0.06690086433361836
08/07/2024,0.06200173671805397,0.06205496599866927,0.062233599855649406,0.06192053951033573
08/07/2025,0.06395359585875393,0.06411157407407407,0.06416524190194538,0.06384064852345107
08/08/2022,0.08535479632063074,0.08567175948743223,0.08587783251231527,0.08535440833360718
08/08/2023,0.0678136145338432,0.06733057064168232,0.06808706685987403,0.06722360139680054
08/08/2024,0.06192200180342651,0.06207444061282808,0.06221899665973972,0.06197483019744693
08/08/2025,0.06420553834774166,0.06394019227213903,0.06435709003512664,0.06385879629629629
08/09/2021,0.11959228362878,0.11964188765921906,0.11947669732784931,0.1195065535851966
08/09/2022,0.08576099803020355,0.08543518974864464,0.08579988723825507,0.08544739559015974
08/09/2023,0.06756264471314638,0.06776537175199382,0.06803653202984307,0.06738873166966813
08/09/2024,0.061536206126600775,0.06202451079964791,0.0621307484220018,0.06153999231134529
08/10/2021,0.12013548723293382,0.11969842429301888,0.12007156714360757,0.11983404086644306
08/10/2022,0.08518253447143795,0.08593907128068619,0.08600372971679716,0.08532245230783395
08/10/2023,0.06778099465997556,0.06755498392282958,0.06790201893669506,0.06737378809533007
08/11/2021,0.12011216213965727,0.12029424040066779,0.12046728467135087,0.12032268779757117
08/11/2022,0.08572348111658457,0.08520965358725989,0.08561443081301186,0.08523921919276262
08/11/2023,0.06843987138263666,0.0678142765273312,0.06862610932475885,0.06771292604501608
08/11/2025,0.06426967330530012,0.06420415144930885,0.06446570449657034,0.06413472222222222
08/12/2021,0.1213587825929068,0.12042570951585978,0.12132672329932948,0.12066237308143928
08/12/2022,0.085471921182266,0.08587995663458063,0.08588355062231125,0.08539085860743272
08/12/2024,0.061744700045106,0.06162412259913783,0.06193801420038319,0.06153023224321213
08/12/2025,0.06393690239733937,0.06426135575990019,0.06436648344034367,0.06403935185185185
08/13/2021,0.12088021890980169,0.12135211267605635,0.12177673520019881,0.1211452410731624
08/13/2024,0.061393912063134166,0.06187150081271446,0.0619546444563693,0.06150795980580332
08/13/2025,0.06374976898909629,0.06393736431243938,0.06405053351194051,0.06365370370370371
08/14/2023,0.06936488169364881,0.06838494153925222,0.06885365540280097,0.06889217517642175
08/14/2024,0.06128398074706799,0.06159763179897408,0.06170474318125325,0.06116150317492599
08/14/2025,0.06420143984653963,0.06375023101090371,0.06431123975227593,0.06380324074074074
08/15/2022,0.08603079468133643,0.08554800144513416,0.08598445519486687,0.08559577726797653
08/15/2023,0.06867964283420055,0.068726852446385,0.06885345263747242,0.06858650196229814
08/15/2024,0.061659661016949155,0.06128682940035193,0.06166166753117881,0.061359456398640995
08/15/2025,0.06413196047649829,0.06417529107373868,0.06425847261981715,0.06419722222222222
08/16/2021,0.12144658676393955,0.12126969222743869,0.12144363745934769,0.12141812506337635
08/16/2022,0.08596983606557376,0.08621640248104755,0.08617836065573771,0.08589678749942528
08/16/2023,0.0700925006532532,0.06986516853932584,0.06906165807097221,0.06971570420695061
08/16/2024,0.060960191586462424,0.06171933631719337,0.061711111612888656,0.061047511312217195
08/17/2021,0.1224532674313625,0.12157834341748383,0.12259114326268253,0.12161225176005229
08/17/2022,0.0861933792199279,0.08613096977797337,0.08624558670990247,0.08592503070627722
08/17/2023,0.06953634475597092,0.06879803132449822,0.06887038934426229,0.0698019387829797
08/18/2021,0.12181467985424257,0.1228035043804756,0.12260084952162457,0.1219464785288127
08/18/2022,0.08700590163934425,0.08634498604956507,0.08700876684894121,0.08619376276439955
08/18/2023,0.06956257499493541,0.06867922593874151,0.06893810073048827,0.0692164038575922
08/18/2025,0.06413372737347618,0.0641324221996491,0.06416936005171299,0.06385020317694866
08/19/2021,0.12252916666666666,0.12205673758865249,0.12247265047694077,0.12223595889587799
08/19/2022,0.08749492302653128,0.08706001967858314,0.08755482725122903,0.08691842146720581
08/19/2024,0.06013955063791352,0.06100221408883467,0.06101162921982613,0.060117224496438734
08/19/2025,0.06430628634727223,0.06413465090506096,0.06436074956152497,0.06422685185185185
08/20/2021,0.12234773555439876,0.12268849723641673,0.12335762623633523,0.12232152088840335
08/20/2024,0.05995438636107034,0.0601716156712205,0.06038613526024613,0.05996739721065024
08/20/2025,0.06471666666666667,0.06430720945259855,0.06458525558221075,0.064425
08/21/2023,0.06927366498890401,0.068675600194727,0.06891439698685592,0.06947300103842159
08/21/2024,0.06034547553824908,0.060033419893869254,0.06053968612396974,0.060105143893043285
08/21/2025,0.06468647931213573,0.06471805555555556,0.064765178077136,0.06462731481481482
08/22/2022,0.08792081151832461,0.08754620526936689,0.08800645597618868,0.0874921313539317
08/22/2023,0.06927662874870734,0.06866893848164185,0.0687957490091184,0.06901530494791869
08/22/2024,0.06075921270186405,0.06041429897444024,0.06069119638826185,0.06031075173835248
08/22/2025,0.06382919856128377,0.06458400627566793,0.06463432629346122,0.06386805555555555
08/23/2021,0.12180833333333332,0.12257405089695453,0.12237568199532345,0.12200291152455828
08/23/2022,0.08762767871748732,0.08804416197090814,0.08797403250508606,0.08746145906715379
08/23/2023,0.06786423265047173,0.06856960212744195,0.06864297786493956,0.0680155031606146
08/23/2024,0.059950171004054274,0.060823084414849043,0.06074288658302903,0.05994681863069298
08/24/2021,0.12121429925603702,0.12195597746713957,0.12184181789818521,0.12157685847095234
08/24/2022,0.0877069021916912,0.08772938633833256,0.08775727281032614,0.08763597414976236
08/24/2023,0.0685437645236251,0.06858205293737896,0.06802904776516314,0.068063524854745
08/25/2021,0.12125338328475016,0.12131526836894216,0.12153541392111947,0.12144820499110223
08/25/2022,0.08721045751633986,0.08773332460989892,0.08756702456588955,0.08731406568724072
08/25/2023,0.06751274602571394,0.06772752766022536,0.06783998123784346,0.06732676297747306
08/25/2025,0.06413772427471057,0.06382919856128377,0.06417873282301946,0.06401711972238287
08/26/2021,0.12209809321149916,0.1214449660928534,0.1217364117563963,0.12145368036075703
08/26/2022,0.0877,0.08734999672839103,0.08759719757854086,0.08699775670940381
08/26/2024,0.06010640465463766,0.05998415249824545,0.060196165405366264,0.059715878194671015
08/26/2025,0.06428643841297636,0.06413818550804852,0.06447824053488034,0.06415124884366327
08/27/2021,0.12145436061348974,0.12222664198559435,0.12262489679137295,0.12144318723899271
08/27/2024,0.060003032353400425,0.06015938058907428,0.06035766096777255,0.06012328332502379
08/27/2025,0.06421033227337665,0.06428597760471867,0.06449564536196488,0.06424498269896194
08/28/2023,0.06738061002455877,0.06750261179768123,0.06754847620767632,0.0672867734637819
08/28/2024,0.06053787072071051,0.06019773691013401,0.0606515564708678,0.06017506859877089
08/28/2025,0.06385317295727913,0.0642421309737776,0.0642392879607208,0.06379090934240739
08/29/2022,0.08749154746423926,0.0878131440348065,0.08779344551781447,0.08790541536345325
08/29/2023,0.06710143156780092,0.06747223071435851,0.067631763736096,0.06719599106860656
08/29/2024,0.06035354564179172,0.06060629403901489,0.06059884845536916,0.06017377348696245
08/29/2025,0.06402258584927403,0.06373703857320613,0.06430342412092722,0.06382863741339492
08/30/2021,0.1216494780734427,0.12143947459428057,0.12200157345890357,0.12139245888999058
08/30/2022,0.08773285667858303,0.08745808966861598,0.08787508926832435,0.08741677503250976
08/30/2023,0.06744362032547462,0.06715558950853068,0.06751530423936976,0.06721912374970686
08/30/2024,0.06047372350292966,0.06040288811932731,0.060521570134008267,0.060320343124489056
08/31/2021,0.12070971767762476,0.12166840567612687,0.12149490887595642,0.12065273927820172
08/31/2022,0.08686463730569949,0.08758430609597924,0.08747768723321692,0.0869613270444136
08/31/2023,0.0674543140748282,0.06738559429880377,0.0675418681598371,0.06719266989055739
09/01/2021,0.12052215453938585,0.12093811958676824,0.1207005925627037,0.12083827872987564
09/01/2022,0.0878121761658031,0.08668260223528651,0.08765510504750268,0.08695849516609067
09/01/2023,0.06690907059591247,0.06733863388116951,0.06732330025632566,0.06668208492069341
09/01/2025,0.06422544951590595,0.06402258584927403,0.06433832680341092,0.06402489626556017
09/02/2021,0.12079126335113484,0.1205857810413885,0.12124916555407209,0.12047834612817088
09/02/2022,0.08715934122227346,0.08700439257430505,0.08735327624387183,0.08675537477464762
09/02/2024,0.06048798136716189,0.06051942175870416,0.06067563595251555,0.06049261975912343
09/02/2025,0.06435223605348087,0.06422498847395113,0.06449792531120332,0.06405025357307514
09/03/2021,0.12047594196847929,0.12088821626135059,0.12104373238701598,0.1202943325331385
09/03/2024,0.06059724453091419,0.06052280487529114,0.06077946725107882,0.06048836814399728
09/03/2025,0.06410419548178885,0.06435177501152604,0.06439061271814873,0.06400236171076423
09/04/2023,0.06678886522665044,0.06680093225920859,0.06698079748695344,0.06670672345603894
09/04/2024,0.060263954802259885,0.06067506730312422,0.06077404487020176,0.06037127592139817
09/04/2025,0.06422935103244838,0.06406408483171969,0.06434227507374632,0.06399677270631628
09/05/2022,0.08758378530495294,0.08718902848374413,0.08787907838813792,0.08710106723312773
09/05/2023,0.06863155176865479,0.06684971098265896,0.06771868717979918,0.067999483604441
09/05/2024,0.06031445829468588,0.0603830585894218,0.0605092519373715,0.06024071308990544
09/05/2025,0.06411190751445087,0.06425147492625369,0.06424608294930877,0.06397456647398844
09/06/2021,0.12076401210729569,0.12062937062937062,0.12106982569669138,0.12050203527815467
09/06/2022,0.08783622597702469,0.0875598147260821,0.08799681427206116,0.08723186598893896
09/06/2023,0.06741551449586734,0.06723200970603847,0.06763845006698177,0.06715466471197837
09/06/2024,0.06053552432040923,0.0603402483994299,0.060588009310524056,0.059998641950159574
09/07/2021,0.12153471068070024,0.12078167397203088,0.12159277546913047,0.12089999842987015
09/07/2022,0.0874566562091171,0.08755843495934959,0.08820083682008369,0.0875882882338537
09/07/2023,0.06777382465057179,0.06738178788720305,0.0676043609853868,0.06762287166454892
09/08/2021,0.12159399941420074,0.12127308775957425,0.12159037122185407,0.12140992986110241
09/08/2022,0.0879079365079365,0.08740681897620031,0.08796199458695418,0.08738813490890249
09/08/2023,0.06753068058801509,0.06730944756813999,0.06745921686291319,0.06767420584498095
09/08/2025,0.06385838749827133,0.0638926267281106,0.06422580645161291,0.06389643702394847
09/09/2021,0.12192500659327371,0.12178005008347247,0.12195076277745874,0.12190952735423759
09/09/2022,0.08760444444444444,0.08798195737111274,0.08779566724326926,0.08734447152895412
09/09/2024,0.06070447707169197,0.060603879495710826,0.06094913109308264,0.060575927733822
09/09/2025,0.06408570901374666,0.06391416585995482,0.06407504725026507,0.06386566647432199
09/10/2021,0.12198193145962828,0.12205863939899833,0.12214489316105945,0.12178315021531916
09/10/2024,0.060716917165781446,0.06075696219713594,0.060822641850379465,0.060621691326184335
09/10/2025,0.06407508186136604,0.06408617031091429,0.06412396808559702,0.06392287111357137
09/11/2023,0.06736925031766201,0.06737112752388394,0.06737616898994228,0.06735349428208387
09/11/2024,0.06048514963297572,0.060766188269861,0.060776927072746574,0.06041948242739293
09/11/2025,0.06411349480968859,0.06407554305216068,0.06428042731869738,0.06397716732731291
09/12/2022,0.08713977812995247,0.08760060936904912,0.08774960380348652,0.0872297576315873
09/12/2023,0.06718085106382979,0.06721869075499051,0.0672291685103478,0.06727891727243371
09/12/2024,0.06026215454032713,0.060548638571912776,0.06063888826223295,0.060414669440173645
09/12/2025,0.06427490425875514,0.0641295023751326,0.06435605894655289,0.06401058064277866
09/13/2021,0.12223345492443981,0.12210537297861243,0.12242981908920773,0.12218994049347183
09/13/2022,0.08842478998256459,0.08729529008505776,0.08837807365367319,0.08716904018077057
09/13/2023,0.06681390078065978,0.06682044824981113,0.06708889448501637,0.06666633089901788
09/13/2024,0.06006330974291722,0.06043701276691899,0.06049305163258389,0.05996876838817725
09/14/2021,0.12221715980094605,0.1224246218049035,0.12216167781690872,0.12180980051005597
09/14/2022,0.08817812995245641,0.08826434231378763,0.08849627634289337,0.08819685664391173
09/14/2023,0.0673515704154002,0.06728470111448835,0.06690676049258608,0.06702684903748733
09/15/2021,0.12154559666492966,0.12230440225328605,0.12198680544522018,0.12175037394675582
09/15/2022,0.08781224489795919,0.0882053882725832,0.0879359497645212,0.08811410459587955
09/15/2023,0.06678698909054347,0.06715407336345965,0.06650326062514055,0.067096757852077
09/15/2025,0.0639103954228764,0.06426521478337101,0.06435437770052205,0.06403493352823084
09/16/2021,0.12235190005205622,0.12167640308783643,0.12235295585296938,0.12167490565367851
09/16/2022,0.08695572998430141,0.08786421499292786,0.08776487485770375,0.08699617284765922
09/16/2024,0.05973940778609722,0.06014561240870961,0.060140975532611884,0.05964225875107548
09/16/2025,0.06368591224018476,0.06391177963364555,0.06407373229363725,0.06366361788617886
09/17/2021,0.12271868838418852,0.12211217693315449,0.1228356220292215,0.12211619258384153
09/17/2024,0.05971514616307769,0.059757504467618246,0.05978922134020851,0.0596023189377652
09/17/2025,0.06377118839776454,0.06365541757074927,0.06380500321902524,0.06339775048289757
09/18/2023,0.06636981098015028,0.06645438640339915,0.06648637840539864,0.06650008421296076
09/18/2024,0.05973733668455494,0.059849195027511716,0.06002350282485876,0.05963272422616217
09/18/2025,0.06411805459332133,0.06377165027019538,0.06424280205952299,0.0637064762828955
09/19/2022,0.08729464958553126,0.08695065717243326,0.08760543146523467,0.08692348033073631
09/19/2023,0.0666810539523212,0.06653517587939699,0.0667237139272271,0.06630301507537689
09/19/2024,0.060089214953694264,0.05989916894747685,0.06051294349748188,0.06000919781880297
09/19/2025,0.06451242035275649,0.06411897833818299,0.06463200664881337,0.06408479977830123
09/20/2021,0.12323630017742236,0.12280911454083779,0.12393684304617658,0.1227997601108396
09/20/2022,0.08726304245652515,0.08718168992005015,0.087299859221023,0.08712822783498356
09/20/2023,0.06679629165622651,0.06626561292413552,0.06661215128019746,0.06646213637082582
09/20/2024,0.06030568575504382,0.06017208975839504,0.060564779467172966,0.06011522193702439
09/21/2021,0.12054556857889892,0.12066971544715448,0.12078256354289557,0.12049282795340692
09/21/2022,0.08719338739862757,0.08687768976485997,0.08711594929456419,0.0871563088512241
09/21/2023,0.06710097719869706,0.06628588472149728,0.06679001614305229,0.06673365071410674
09/22/2021,0.11985804669164407,0.12035463875622397,0.12012154716285252,0.1198484005464253
09/22/2022,0.08760012476606363,0.08722946154422227,0.0882453651006502,0.08719620332209316
09/22/2023,0.06628391135844182,0.06650795620981555,0.06661916937666013,0.06612044122031203
09/22/2025,0.06420724671128548,0.06451288207590729,0.06457039606222352,0.06424496814933293
09/23/2021,0.11945248107225846,0.11991376686618646,0.12005414789903722,0.11905796135773847
09/23/2022,0.08760184899845916,0.0869151893260856,0.08775346687211094,0.08677144040195539
09/23/2024,0.06039535357652333,0.0604555147225625,0.0606996332020106,0.060429653826958855
09/23/2025,0.06438129097792963,0.06421186245095777,0.06447449803831064,0.06422830733679954
09/24/2021,0.11988617886178862,0.11918839403469615,0.11960437114236568,0.11922778335688769
09/24/2024,0.06001313316577225,0.06041527975907433,0.06061359416745913,0.06011568298326
09/24/2025,0.06486472760849492,0.06438406131683443,0.06493090002999331,0.06427766227766228
09/25/2023,0.0664173140403564,0.06629569879129334,0.06658906455535976,0.06602665607703954
09/25/2024,0.06039173063424133,0.060039937874417575,0.060594596184610376,0.059958451232303825
09/25/2025,0.06504223401800138,0.0648800822161407,0.06512664359861592,0.06464987289114861
09/26/2022,0.08921958827199002,0.08686590881310353,0.08771543821048772,0.08854335620711166
09/26/2023,0.06715959295110449,0.06648585607940447,0.06724416873449132,0.06638421444527177
09/26/2024,0.059448859905350634,0.06048230419129135,0.06052178873124666,0.059706678187316675
09/26/2025,0.06503806228373703,0.06503900300023079,0.06523856744228951,0.06507486136783734
09/27/2021,0.11953029709561085,0.11933754740834387,0.1192569410896167,0.11916364776899317
09/27/2022,0.0866273914363802,0.0868806364436887,0.08683077669314254,0.0885227698066126
09/27/2023,0.06723951352692975,0.06687904380895934,0.06717834740949277,0.06688111193844626
09/27/2024,0.05924869234427009,0.059493240948305146,0.05989988549290101,0.05922868385739673
09/28/2021,0.12043484612388002,0.11941326613426827,0.12058803239838982,0.11934022367225033
09/28/2022,0.08620151285930408,0.0863915465665496,0.08734641841861196,0.0888833437305053
09/28/2023,0.06699230578307272,0.06648208548936901,0.06659391323540231,0.06688458674609085
09/29/2021,0.11931221424759361,0.11949607724803862,0.11929043227058664,0.11904766704024124
09/29/2022,0.08653494704992436,0.08631575757575757,0.08724561403508772,0.08625949338305516
09/29/2023,0.06659985225313962,0.06624126345734115,0.06639429089928146,0.0666036237279722
09/29/2025,0.0645923875432526,0.06503852364475202,0.06506226937269373,0.0645982905982906
09/30/2021,0.11926128759047346,0.11993235739525493,0.11966075093565134,0.1192730550746783
09/30/2022,0.08713827534039334,0.08665010903804217,0.08716177630326599,0.08654555372051091
09/30/2024,0.059643140185222925,0.059325679867762604,0.05970627503337784,0.059647500457791616
09/30/2025,0.06478154555940023,0.064479815455594,0.06489973957432281,0.06459156556903524
10/01/2021,0.11847347031363074,0.11891811594712029,0.1193467021446373,0.11835804311757817
10/01/2024,0.05997630433748423,0.05966759504562643,0.06001588655820658,0.06035416905608441
10/01/2025,0.064719723183391,0.06478431372549019,0.06502799172358432,0.06466659281210477
10/02/2023,0.0667737010588525,0.06629337384826504,0.06663987453440502,0.06644668800787984
10/02/2024,0.05995154314697824,0.0599954713221475,0.06005343839865951,0.05981011796115182
10/02/2025,0.06486874279123414,0.0647109573241061,0.06498062730627306,0.06458052607291186
10/03/2022,0.08674432677760968,0.08690743422640598,0.0871639667448408,0.08683392129846927
10/03/2023,0.06662163485070974,0.0662989741084514,0.0666218856863703,0.06673085446934253
10/03/2024,0.060376785997328083,0.0600081516201345,0.0605963323522753,0.06058723833081398
10/03/2025,0.06494278859462951,0.06485951557093425,0.06502767527675277,0.06483668156135751
10/04/2021,0.118777120869553,0.11835488812007419,0.11896269131309646,0.118205427332466
10/04/2022,0.08565990922844176,0.08644520878590393,0.08652713365054508,0.08569500756429652
10/04/2023,0.06615859030837004,0.06647226763622166,0.06657329006124789,0.06607978463044542
10/04/2024,0.06097457147385821,0.06046418947988135,0.06110553672316384,0.06030553548004142
10/05/2021,0.11901384857050573,0.11881122570782586,0.11927866260885962,0.11874903453215183
10/05/2022,0.0853560446186313,0.08545037707390649,0.0858745854687971,0.08516080326136191
10/05/2023,0.06575714634742243,0.06598770551788066,0.06607136759433158,0.06583967690613145
10/06/2021,0.11872418952618455,0.11855044955044955,0.1189063639927938,0.11847152847152848
10/06/2022,0.08471037593984962,0.08525403844418374,0.08522680133465596,0.08424721133554416
10/06/2023,0.06562002064336032,0.06568473435136848,0.06619644799547342,0.06564636575856464
10/06/2025,0.06507473014115693,0.0648269816369844,0.0652777008949165,0.0650462962962963
10/07/2021,0.11843600976623689,0.11819169896720978,0.11832470606919347,0.11819741848839813
10/07/2022,0.08571067669172933,0.08472902255639098,0.08574857142857142,0.08433082706766917
10/07/2024,0.06094497214740243,0.06099540339197971,0.0611574476563066,0.06149150524339424
10/07/2025,0.06529742691137139,0.06510401162991936,0.06532509453103386,0.0649880926007975
10/08/2021,0.11875920991917598,0.11821740618906568,0.11884157202466893,0.11812015936571253
10/08/2024,0.060651676742974885,0.060950569481239954,0.06120893799098956,0.061166191399566555
10/08/2025,0.06559806183664052,0.06531863875311261,0.06582822368724356,0.06526072911859714
10/09/2023,0.06567700712125646,0.06557945566286216,0.06609062530484831,0.06556287191493514
10/09/2024,0.060932759791713836,0.06074134456445441,0.06106935892792467,0.06063863034173517
10/09/2025,0.06558607974187601,0.06553501452215205,0.06576169624337405,0.0653510672629201
10/10/2022,0.08502739726027396,0.08476854749768994,0.08521560452650387,0.08553082706766918
10/10/2023,0.0655106227106227,0.06573358696712517,0.06589971464706156,0.06563705241739241
10/10/2024,0.06168811869870374,0.061022575459094716,0.0614018484221394,0.06148773181495964
10/10/2025,0.06586270444598019,0.06549850195897672,0.065890590809628,0.06543271958921741
10/11/2021,0.11861135505509825,0.11873440205607567,0.1187790562096562,0.11827297580241034
10/11/2022,0.08502643302643303,0.08501472469286372,0.0854230062433388,0.08499285288862418
10/11/2023,0.0652172006334511,0.06545215229366742,0.06542477837332594,0.06534165740186436
10/11/2024,0.06161202622741085,0.06176081936855582,0.06173207159958956,0.06150110879952447
10/12/2021,0.11847435656398737,0.11818631084754139,0.11838758650604311,0.11882504970178928
10/12/2022,0.08453946587537092,0.0850319208955667,0.08512661884571966,0.08462609399263432
10/12/2023,0.06573078328663662,0.06527177488122791,0.06586088439517603,0.06506419783164819
10/13/2021,0.11722536269122823,0.11853493699318726,0.1183255731365663,0.11756194968709276
10/13/2022,0.08493262095577322,0.08247858300532532,0.08358526004451043,0.08450460077174236
10/13/2023,0.06543795973674023,0.06530197444831591,0.06552216415021293,0.06519502516453736
10/13/2025,0.06572824033543749,0.06586270444598019,0.06599401059663672,0.06559784361608995
10/14/2021,0.11672914598428386,0.11729355259516938,0.11727621861152142,0.11697930174316741
10/14/2022,0.08551142772336005,0.08492727812407241,0.08562718907687741,0.08458593054318789
10/14/2024,0.06194240825740449,0.061524291544126024,0.062082848870346305,0.06162499143659656
10/14/2025,0.06582070299903257,0.0657379164170852,0.06613214913361633,0.065716558490218
10/15/2021,0.1166278587919569,0.11661948212083847,0.11666305781382255,0.1168622832713166
10/15/2024,0.06223444310065491,0.06204014523532233,0.062255934182759404,0.06194002737453527
10/15/2025,0.06549119896783706,0.06582116367991891,0.06589763670705302,0.06538061008202009
10/16/2023,0.06511642512077295,0.06541516594551475,0.06553719806763285,0.06515458435060069
10/16/2024,0.06220833428369409,0.06225269835474522,0.062287496869093975,0.06207474412158877
10/16/2025,0.06529308755760369,0.06553704343818412,0.06556343868054915,0.06520987403869206
10/17/2022,0.08463235729074238,0.08336656552521313,0.0830350051224201,0.0848471356485604
10/17/2023,0.0655037521181312,0.0652905569007264,0.06570522358269404,0.06526903314736442
10/17/2024,0.06250695870408396,0.06224117875145405,0.06255167076390786,0.062164913161558304
10/17/2025,0.06552552137343012,0.06529308755760369,0.06577096774193548,0.06557407407407408
10/18/2021,0.11702566633761106,0.116450996612306,0.11687229043579131,0.11691089226388231
10/18/2022,0.08429577048210589,0.08274469007368877,0.0825306931377576,0.08390239574090505
10/18/2023,0.06549086951263755,0.06553134834180585,0.06567325102681691,0.0652730852787526
10/18/2024,0.062403859966754294,0.06251669820138145,0.06256867787969138,0.06238400295565829
10/19/2021,0.11597116338282534,0.11701341437543479,0.11669101767538875,0.1160116038290659
10/19/2022,0.08490414201183433,0.0823776910851033,0.08305562779945094,0.08363550295857988
10/19/2023,0.0654923931417532,0.06543312978204727,0.06565955804303772,0.06552060703378357
10/20/2021,0.11591697889962534,0.11587673170467257,0.1160175119287717,0.11577294077553378
10/20/2022,0.08462721893491125,0.08292185468727431,0.08289893870203749,0.08417517384228436
10/20/2023,0.0652107501933488,0.06554345463765665,0.06563753529795091,0.06524980473614593
10/20/2025,0.06553746829605718,0.06551797235023042,0.0656220624827205,0.0653470140650219
10/21/2021,0.11596260541227091,0.11589301819006174,0.11597916359526267,0.11570915619389588
10/21/2022,0.08451597633136095,0.08265722952477249,0.08346612740141557,0.08452721893491125
10/21/2024,0.06287564117177705,0.062442504501629706,0.06292436638121385,0.06230080021886328
10/21/2025,0.06592768309534776,0.0654239240622984,0.06603362505757715,0.06572222222222222
10/22/2021,0.11560071668752915,0.11561346682371416,0.11594372111733597,0.11527011830106124
10/22/2024,0.06282998655209354,0.06289836573746951,0.06296112549895998,0.06279256471661535
10/22/2025,0.06596084753569784,0.06592630124366651,0.06602881610791418,0.0658506048986763
10/23/2023,0.06487589123867069,0.06523381642512077,0.06538956997495983,0.06495526373714089
10/23/2024,0.06289992478975318,0.06289673405200902,0.06309870053025647,0.06278961642774118
10/23/2025,0.06617159436308372,0.06596545370796868,0.06638117603720588,0.0658963133640553
10/24/2022,0.0847717910500311,0.08249553236870928,0.08339309390672738,0.08456889151990528
10/24/2023,0.0649609667673716,0.06495806241086752,0.0650262467191601,0.06489950776844537
10/24/2024,0.06289005474452554,0.06292864142945051,0.0629791785186028,0.06283804744525548
10/24/2025,0.06627838422919258,0.06617021276595744,0.0663169041644605,0.06606115066473123
10/25/2021,0.11456848733931994,0.11510900381268942,0.11497393738145044,0.11457690023024168
10/25/2022,0.08445812370523824,0.0832962471897158,0.08332045886896869,0.08432021308079313
10/25/2023,0.06537474320241692,0.06492357472291309,0.06531249095662071,0.06497884784233479
10/25/2024,0.06327414465136423,0.0628676252763029,0.06346066311017243,0.06275610223117814
10/26/2021,0.11422493887530563,0.1143711754051011,0.11431878226133328,0.11409481511983019
10/26/2022,0.0835810650887574,0.08246482738697096,0.08276834281323392,0.0834832790766499
10/26/2023,0.0652524589847613,0.0652707755397419,0.06559125012954647,0.06537167839861877
10/27/2021,0.11530250860796852,0.1145083891712783,0.1150685065762393,0.11470964566929134
10/27/2022,0.08422103703703704,0.0816328181424238,0.08236371515239058,0.0836717037037037
10/27/2023,0.06549413897280967,0.0653030997467133,0.06553322880231575,0.06514851963746224
10/27/2025,0.06584450278660586,0.06627884482520381,0.0662699956940322,0.06587369095615812
10/28/2021,0.11451028048374136,0.11460066677747037,0.11478783437156467,0.11433908426363087
10/28/2022,0.0840100457970158,0.08212998266897747,0.08230673248438845,0.08380562962962963
10/28/2024,0.06304436081651271,0.063365321054911,0.06333967883849931,0.06303204470293078
10/28/2025,0.065944078492791,0.06583989682649348,0.06630279581778822,0.06587340722136455
10/29/2021,0.11389517884763646,0.11326128047302865,0.11409130561209653,0.11325481144564
10/29/2024,0.06304792725449532,0.0630379781458131,0.06335100360619364,0.06286736111269504
10/29/2025,0.06570763844098405,0.06594223593901147,0.06614155093392295,0.06537837588717854
10/30/2023,0.06504555891238671,0.06547099264262453,0.06549029067663732,0.0650402416918429
10/30/2024,0.06282139520043757,0.06309624193805692,0.06309340664342349,0.06266168989741684
10/30/2025,0.06583621205840356,0.06571500967474432,0.06609875178480953,0.06546268105913829
10/31/2022,0.0842564632885212,0.08215193529751588,0.08239433372906559,0.08381208450288077
10/31/2023,0.06524151640748264,0.06503054743908623,0.06537997005850886,0.06506022348341042
10/31/2024,0.06256774928774929,0.06288364672364673,0.06301584045584047,0.06258461538461539
10/31/2025,0.06584143363891833,0.06585463589885311,0.0659716272857077,0.06562573449777634
11/01/2021,0.11404205449068738,0.11469344712097097,0.11422140689361414,0.11456358079540684
11/01/2022,0.08363223140495868,0.0822306096577158,0.0821898670499461,0.08338865918487891
11/01/2023,0.06514996978851964,0.06528283681099989,0.06560173682306115,0.06516592145015106
11/01/2024,0.0628424243805703,0.06262861571425316,0.06291834429484962,0.0625938773601903
11/02/2021,0.11418937250494167,0.11405270855327514,0.11411728863720991,0.11398681514995582
11/02/2022,0.0833549719681322,0.08164549304295221,0.08176813378357389,0.08319091177338449
11/02/2023,0.06429108614954442,0.0650425557564798,0.0650381973731775,0.06412549776758779
11/03/2021,0.11385603554439427,0.11420003100655013,0.11439333288320007,0.11419888029858705
11/03/2022,0.08313261102498298,0.0820752815136941,0.08210789454780547,0.08368481629039398
11/03/2023,0.0630016855285336,0.06432676083498047,0.06434460353748045,0.06295209364064197
11/03/2025,0.06585428755641522,0.06585986087437232,0.06604402689509072,0.06570961126345139
11/04/2021,0.1144187392951053,0.11374032176367015,0.11457153733838986,0.11373488853026159
11/04/2022,0.08281439952788433,0.08217073944779435,0.08231195566112431,0.08268220714074948
11/04/2024,0.06266292314364628,0.06280230676300973,0.06288722496463464,0.0625106481132571
11/04/2025,0.06648508012525327,0.06585474808879065,0.06650027629397678,0.06589677419354839
11/05/2021,0.11323314398024975,0.11424264171117844,0.11394070132547159,0.11378411832985749
11/05/2024,0.06275803915312565,0.06274692414800612,0.06297705575428923,0.06287009063444109
11/05/2025,0.06631927821763949,0.0663833118438018,0.0667395507273062,0.06634516129032259
11/06/2023,0.06252299542499398,0.06308846228053251,0.06321897195136632,0.06235464484830932
11/06/2024,0.06385153774251646,0.06286287290047632,0.06400845573495645,0.06294985115640027
11/06/2025,0.0667111745476311,0.06631973853802246,0.066849106978457,0.06639216589861752
11/07/2022,0.08217409265269991,0.08148682577703385,0.08122604042737844,0.08204190026556507
11/07/2023,0.06286698795180723,0.06270347223897883,0.06319832133369269,0.0626692083102092
11/07/2024,0.0628665801043304,0.06392677199461962,0.06400829176063236,0.06297250467374949
11/07/2025,0.0670535138620245,0.06672884283246977,0.06734748376997099,0.06663596168017685
11/08/2021,0.11303311524526531,0.11327724647060233,0.11341223916398682,0.1130862681713757
11/08/2022,0.08263401442307693,0.08223251696665683,0.08234287400413101,0.08235757211538462
11/08/2023,0.0630221686746988,0.06292554730446523,0.06334916384093713,0.06264289487713272
11/08/2024,0.06361681284884384,0.06301674450392983,0.06380411413162307,0.06301276789785681
11/09/2021,0.1119588040245884,0.11228962631929258,0.11210955838071347,0.11162365923847123
11/09/2022,0.08091649454116259,0.07937426039772563,0.07935161234695637,0.0800956034228386
11/09/2023,0.06347180722891566,0.0631398461427159,0.06350589934986757,0.06281338928278589
11/10/2021,0.1124326375711575,0.1120576209945802,0.11238707048885985,0.11195376602373534
11/10/2022,0.07879790895000918,0.07915836868992986,0.0798880133922129,0.0796347005016229
11/10/2023,0.06346691092283031,0.06351577933028187,0.06367266334320738,0.06335979633214639
11/10/2025,0.06710423287734328,0.0670535138620245,0.06716404163212675,0.06680254248998203
11/11/2021,0.11151992454609763,0.11178024050931384,0.11198302287196416,0.11112190521103514
11/11/2022,0.07752670404249042,0.07795940756993966,0.07798733786198675,0.07749778695780467
11/11/2024,0.0637234405957505,0.063699738011163,0.06390016169069254,0.06350569076021258
11/11/2025,0.06729408512990602,0.06711456713322965,0.06760531594206903,0.06706162120311356
11/12/2021,0.11101487478817548,0.11120045140358302,0.11121390432091519,0.1108941786471836
11/12/2024,0.06402076644579548,0.06380588007560749,0.06421143689674012,0.0637679573129019
11/12/2025,0.06769372523726158,0.0672950064492353,0.06772526257600885,0.06723256242513591
11/13/2023,0.06353329319686934,0.06353973342331702,0.06386354334689553,0.06351712997564915
11/13/2024,0.06393415750290281,0.0641121963436013,0.06427566423058534,0.06359899749373434
11/13/2025,0.0677741935483871,0.06759144936883811,0.06797429282226113,0.06733594470046084
11/14/2022,0.07815053128689492,0.07602777217596728,0.07664525261010785,0.07733018310691081
11/14/2023,0.06287469879518073,0.06362264332899369,0.06406250000000001,0.0628384700718661
11/14/2024,0.06397251197136436,0.06399471802927852,0.06426835263272887,0.06376096303841079
11/14/2025,0.06679870878487433,0.06767766833707736,0.06794032216082242,0.06676137018776203
11/15/2021,0.11148563353744702,0.11095491090319244,0.1114090930462175,0.11089684408855394
11/15/2022,0.07770981549815498,0.07657174246147619,0.07659278619667033,0.07723276752767529
11/15/2023,0.06296851357123723,0.06305592462857833,0.06306168674698795,0.06265539316342553
11/15/2024,0.06342548979452522,0.06396022481625595,0.0641800078272187,0.06348707221648768
11/16/2021,0.11110746128578132,0.11085136274234335,0.11077170267821278,0.11031019756910225
11/16/2022,0.07888167601062261,0.07586930213795885,0.07705041600975866,0.07764841328413284
11/16/2023,0.06235657418576598,0.06302595677894482,0.06320115774240231,0.06218787732431779
11/17/2021,0.11038835950138866,0.11055511461786265,0.11055001653169662,0.11054683473126845
11/17/2022,0.07921238938053098,0.07704719645018153,0.07782838236351866,0.07851578636766007
11/17/2023,0.06248174689184263,0.06243341784377641,0.06272209031853736,0.06227722772277228
11/17/2025,0.06738617511520738,0.06675009218289085,0.067426267281106,0.06676855693868142
11/18/2021,0.110401269870912,0.11023763947896727,0.11069988955734397,0.1101920540333218
11/18/2022,0.07906226025376217,0.07766539440203563,0.07741307907710285,0.07884609709310904
11/18/2024,0.06329229158606249,0.06352879604978724,0.06376316927207773,0.06325218818380744
11/18/2025,0.06730572337776139,0.06738617511520738,0.06766576049394092,0.06726954869183364
11/19/2021,0.11056315399768087,0.1104050396640224,0.11050611534721869,0.11034444101902975
11/19/2024,0.06343143507972665,0.06341503416856492,0.06360590819090102,0.06335051781559377
11/19/2025,0.06758649283641222,0.06724323826199144,0.06772561846408992,0.06720027672085783
11/20/2023,0.06217004830917875,0.06254932864766492,0.06265561965904655,0.06223616436234073
11/20/2024,0.06366646173463579,0.06345385000683029,0.06383033945768732,0.06333006409232944
11/20/2025,0.06790079675770276,0.06758234670843506,0.06798784138534518,0.0675959875475614
11/21/2022,0.08021835349660666,0.07758211889891278,0.0783644362653478,0.07917603659436329
11/21/2023,0.06255230732060885,0.06228748217436492,0.0625026512157029,0.06213595523023895
11/21/2024,0.06387500285329499,0.06374593056346044,0.06387270078309962,0.0637183097304914
11/21/2025,0.06768894210841432,0.06790125731128817,0.06806944828221424,0.06769482464629707
11/22/2021,0.1109119800185462,0.11051036534349726,0.11047109495616372,0.11049693872317011
11/22/2022,0.07982590734730009,0.0786265325005783,0.07860854620011881,0.07972912363529065
11/22/2023,0.06287122731556437,0.06263586496870696,0.06311915520866056,0.06238310417321122
11/22/2024,0.06384557601693565,0.06394074276975051,0.0641264566642389,0.06384898080303134
11/23/2021,0.11009999999999999,0.1103401297497683,0.11017008656768817,0.11063052483935153
11/23/2022,0.07817996274777553,0.07821997398467986,0.07830574157014603,0.07888751107174491
11/23/2023,0.06273279938241821,0.06284720376857109,0.06289298465695262,0.06259065104481218
11/24/2021,0.11012074866954141,0.1102835696413678,0.1102527186115522,0.10984001631351611
11/24/2022,0.07669836681601387,0.077299609770198,0.0775112010406128,0.07654979043214337
11/24/2023,0.06296822520236801,0.06286846237468294,0.06323308452303307,0.06266582896358408
11/24/2025,0.06793131643499592,0.06768940266199973,0.06817010872943338,0.06774004575814606
11/25/2021,0.1098541628207495,0.10972955510430127,0.11004984308657928,0.10963817611223924
11/25/2022,0.07880011809861234,0.0767758346581876,0.07692613127933039,0.07790197815175672
11/25/2024,0.06365958609384605,0.06383191823541462,0.06393891809471791,0.06358502595864833
11/25/2025,0.0674978123704693,0.06796344046413114,0.06800349940141819,0.06745379971427255
11/26/2021,0.11013494511371444,0.10985140747577296,0.11010672324210391,0.11014326382299165
11/26/2024,0.06357092448835568,0.06372879812398971,0.06412982117492808,0.0637051592560435
11/26/2025,0.06778330569375346,0.06750149679915259,0.06797227595099936,0.06717233429394813
11/27/2023,0.06266972698719497,0.06292197279075949,0.06318076477404402,0.06276572589421751
11/27/2024,0.0632394398269384,0.06362009697907893,0.06373710929496665,0.06331610207526923
11/27/2025,0.06736180210060808,0.06778192371475954,0.06783131420148325,0.0673077100327204
11/28/2022,0.08027261833433194,0.07723370429252782,0.0771771021014549,0.07983403235470342
11/28/2023,0.062201014737859384,0.06278122960133453,0.06272806297387358,0.06220276252449261
11/28/2024,0.06350290465884498,0.06339701696459069,0.0636693612660822,0.06333204237384668
11/28/2025,0.06763225806451613,0.06725999631472268,0.0678718503846331,0.06730029960820465
11/29/2021,0.10973949668898587,0.11030856510308565,0.10990677222372827,0.10984942901191828
11/29/2022,0.07654403696217152,0.07755629426217661,0.07710292044772736,0.07654881083270644
11/29/2023,0.0623904324716115,0.06231288239703997,0.06253025143105573,0.06217717354492235
11/29/2024,0.06354573413828454,0.06358719671944413,0.0637284461164297,0.06337908079518512
11/30/2021,0.1089538145488547,0.10958249948243738,0.10949416807162776,0.10902233451983548
11/30/2022,0.07515300230946882,0.07663939875704583,0.07640157052874659,0.07526184827266941
11/30/2023,0.0627856970282677,0.06242460883654567,0.06286756182380215,0.06224663102121792
12/01/2021,0.10842584318313726,0.10901751152073733,0.10898501960459847,0.10824826440943791
12/01/2022,0.07531392109024239,0.07525480560774679,0.07546646284305102,0.07497315461494601
12/01/2023,0.06248565762362222,0.06290363135244911,0.06316200955552338,0.06259681203589483
12/01/2025,0.06782873208277643,0.06757142857142857,0.06788712278276894,0.06752454708892269
12/02/2021,0.10819105410747942,0.10826377487433488,0.10843194042201075,0.10791977667710619
12/02/2022,0.0747847882454624,0.07533058471630345,0.07530274426742793,0.07487119025120428
12/02/2024,0.06397630439735703,0.06363261333825637,0.06416267942583732,0.0636130123326792
12/02/2025,0.06767986357560954,0.06782135779139974,0.0678876678876679,0.06759305782838176
12/03/2021,0.10825390126877242,0.10803818966308637,0.1083448897676356,0.1083180183043384
12/03/2024,0.06444201462447892,0.06407341641155861,0.06578931784534792,0.06380088950489092
12/03/2025,0.06758309131978057,0.06767802000276536,0.06779551685212062,0.06745960399234723
12/04/2023,0.06325766723013765,0.06251222876301683,0.06333567231156155,0.06254647244528459
12/04/2024,0.0643264803756211,0.06453996674183922,0.06467482174992596,0.06414470458655344
12/04/2025,0.06800230574129583,0.06758401327617203,0.06796350482685529,0.06753516255476136
12/05/2022,0.07522270239124172,0.07511607065421642,0.0752103161359373,0.07455118383394525
12/05/2023,0.06336613603473226,0.0633021009418015,0.06356445665533945,0.06321210217249462
12/05/2024,0.06448577875219871,0.06442038564981538,0.06472307061129598,0.06440778529064765
12/05/2025,0.06794882434301522,0.06800368918607333,0.06799963122594326,0.06769514585495215
12/06/2021,0.10830046052510871,0.10876170369010464,0.10851182528214226,0.10834316782308022
12/06/2022,0.0760466724286949,0.07534289258821153,0.07606301792751385,0.07524789685178226
12/06/2023,0.06345949855351977,0.06337297088690032,0.06355431271394822,0.06321044250349853
12/06/2024,0.06503516302858708,0.06456737459223943,0.06521086741372155,0.06460335083222538
12/07/2021,0.10761133973479653,0.1080497849363961,0.10807926829268291,0.10793534300864172
12/07/2022,0.07568065547907149,0.07631912126029773,0.07626020045932608,0.0759194509756288
12/07/2023,0.06336872586872587,0.06345739163993343,0.06394962738228531,0.06332536751394019
12/08/2021,0.10715057464452277,0.10767056111106027,0.10744435637430416,0.10751228259576763
12/08/2022,0.07574386516310637,0.07601803937440374,0.07617313357267791,0.0760012720071695
12/08/2023,0.06354572201612767,0.06339226705902216,0.06368630477246967,0.06298175005371891
12/08/2025,0.06776455941347351,0.06790473555586296,0.06794596077292414,0.06759948699495298
12/09/2021,0.10739744758432089,0.10704433497536947,0.10728518991890182,0.10702505362113812
12/09/2022,0.07512935753385191,0.0761475741629561,0.07595678478824547,0.07510148615046551
12/09/2024,0.06522523345281857,0.06507215270800987,0.06568790759443413,0.06509039571254302
12/09/2025,0.06776594273066815,0.06776271499054733,0.06788208449535575,0.0676011254093446
12/10/2021,0.10706135678505858,0.1070570597855715,0.10715107483535496,0.1069405936093814
12/10/2024,0.06549016026665448,0.06531655973880683,0.06557733956197184,0.06512248385004067
12/10/2025,0.06773156899810964,0.06775625951030571,0.06788448685150614,0.06752768038383465
12/11/2023,0.06345682404923236,0.0634020618556701,0.0636116833856403,0.06346509960332501
12/11/2024,0.06517894640737697,0.0655358202821789,0.06562266045832192,0.06518971736450391
12/11/2025,0.06783171968649147,0.06773295218774494,0.06796884002857867,0.06752294847548318
12/12/2022,0.07544296924414355,0.07540334239287573,0.07583377333829602,0.07542952392803504
12/12/2023,0.06326737451737452,0.06350412065652707,0.06362277723202724,0.06308588716022043
12/12/2024,0.06530950424541222,0.0652702455948142,0.06552360083995253,0.06517301196019355
12/12/2025,0.06806543910655775,0.0678665990128696,0.06822037805440295,0.06781162028704601
12/13/2021,0.10755970697965743,0.10725365543547362,0.10735596917326239,0.10695556958977177
12/13/2022,0.07436573406403231,0.07531374243733793,0.07546297896859695,0.07452668709882611
12/13/2023,0.0625068790731354,0.06334827651449335,0.06365736447179833,0.06258476430386296
12/13/2024,0.06546886413440467,0.06532822057883685,0.0656171825070757,0.06527940102264428
12/14/2021,0.10727837216459386,0.10730804056501267,0.10715669582575002,0.10699905773203348
12/14/2022,0.07477171717171717,0.07459335955576121,0.07499582572848235,0.07460815047021944
12/14/2023,0.06223663589406756,0.06322326532509179,0.0630347003458939,0.06241600333322028
12/15/2021,0.10715241971958389,0.1069952606635071,0.1071985373256657,0.10709452736318409
12/15/2022,0.07608251586843624,0.07496876084692815,0.07618588846807295,0.07483786989094905
12/15/2023,0.06277576635288439,0.06269870548887686,0.06298769007965242,0.06261750170767934
12/15/2025,0.06779459958458343,0.06804744104481056,0.0682034242466196,0.06752780983152551
12/16/2021,0.1072541600553318,0.1069961187832837,0.10706640429756976,0.10685361354264633
12/16/2022,0.07556087709174841,0.07632519666820917,0.07598197223309465,0.07550804862451424
12/16/2024,0.06559578159240322,0.06542640613586559,0.06572461701666533,0.06526323967251846
12/16/2025,0.06802262756869083,0.06779136856681284,0.06820678513731826,0.06778342184253058
12/17/2021,0.10742243145341818,0.10707490974729243,0.10705436794394335,0.10674947078938321
12/17/2024,0.0656222607742878,0.0656396092037984,0.06574827402110875,0.06551763533831151
12/17/2025,0.06812661618027337,0.06798485757813581,0.06843866857485804,0.06796379254606752
12/18/2023,0.06310846320582217,0.0631609379115514,0.06304366199563886,0.06290826359487439
12/18/2024,0.06632121986851716,0.06570672023374727,0.06651022644265887,0.06547982103725347
12/18/2025,0.06813002123926494,0.06810906908016254,0.06830548375184638,0.06798088024754076
12/19/2022,0.07508886324293133,0.07585598611914401,0.07555576037928234,0.07500578368999421
12/19/2023,0.06307137070759498,0.06332880038853812,0.06344963612209566,0.06316584460479065
12/19/2024,0.06599597953216374,0.06641161431701972,0.06641710985825477,0.06596963738625451
12/19/2025,0.06813111726685134,0.06813279157816972,0.06833414099457713,0.06803721488595438
12/20/2021,0.10730987821380243,0.10669480490323739,0.1068557093580612,0.10706269733874604
12/20/2022,0.07407443739180612,0.07529211013419713,0.07520263147282982,0.0741648268019341
12/20/2023,0.06323482311835783,0.06309981911747371,0.06326011302940122,0.06298639809252793
12/20/2024,0.06601334369144998,0.06606131213450292,0.06641493055555556,0.06593885664671206
12/21/2021,0.10693039964077235,0.10686183826500831,0.10694963919211282,0.1068288716481206
12/21/2022,0.07370844137136272,0.07406258111031001,0.07426293215118455,0.07408022642361242
12/21/2023,0.06281916312916919,0.06322910855063675,0.06345033353547604,0.06287010309278351
12/22/2021,0.10677401991567238,0.10688484848484849,0.10684184365722268,0.10685459420856183
12/22/2022,0.07442466148084126,0.07392223088248029,0.07443769023218044,0.07360638667129468
12/22/2023,0.0629399977681712,0.06305537175175743,0.0632324985936803,0.06301609687302437
12/22/2025,0.06830117256024375,0.06812742382271468,0.06836909069524488,0.06820522301825745
12/23/2021,0.10627969520394441,0.1066182014001077,0.10651995974505199,0.10637835605492685
12/23/2022,0.07379181084198384,0.07446340057636888,0.0744411457268489,0.07393127783883843
12/23/2024,0.06636243083817275,0.06608097610016908,0.06652424256271992,0.06609858704101697
12/23/2025,0.0683892431383421,0.06824762256486012,0.06853034848834526,0.06828712688291284
12/24/2021,0.10607617693226183,0.10625918623409214,0.10623899303600004,0.10622688288223664
12/24/2024,0.06671529175050302,0.06645388449403265,0.06683158809273401,0.06630510334735687
12/24/2025,0.06687069483611484,0.06837029849366973,0.06851446261898161,0.06674310018029679
12/25/2023,0.06291090984143943,0.06314142596202044,0.06310564568373798,0.06303165880464912
12/25/2024,0.06660508505578928,0.06680674958843973,0.06680674958843973,0.06655889884763125
12/25/2025,0.06685405205492118,0.06687762932827887,0.0669724007211872,0.0667736119458185
12/26/2022,0.07348774156331123,0.07403250997859663,0.0739446366782007,0.07369063458089894
12/26/2023,0.06284555609519184,0.06304478918445752,0.06314473045167558,0.06282254534844137
12/26/2024,0.0671156045564756,0.066664074294341,0.06727220352622723,0.06667078601800615
12/26/2025,0.06672696150999259,0.06687346863298044,0.06724145901715131,0.06613203182827534
12/27/2021,0.10623745519713261,0.10634238108035474,0.1062766556691076,0.10620933192320792
12/27/2022,0.07336544563022786,0.07375390489413398,0.07358526483380828,0.0731719310424621
12/27/2023,0.06279746435771015,0.06297451549087005,0.06293189650987817,0.06283305209609703
12/27/2024,0.06736355734480076,0.06717599158241457,0.06804382634155268,0.06707534653918294
12/28/2021,0.10641200179131213,0.1062966944369793,0.10626289880191908,0.10623621990786383
12/28/2022,0.07347189391755549,0.07360002314011338,0.07355981423649123,0.07325023802840135
12/28/2023,0.06261893775651456,0.06308179470940713,0.0629227888951214,0.0626068105422127
12/29/2021,0.10591864103710327,0.10634980307912639,0.10607201820534558,0.10610569706745525
12/29/2022,0.07269241856442778,0.07343328292647801,0.07342105187406987,0.07264362113327719
12/29/2023,0.06293668891946691,0.06264966605950212,0.06323926183705336,0.06254223044976799
12/29/2025,0.06641224905171617,0.06675379348630645,0.06660373874913456,0.06610996738451574
12/30/2021,0.10642709176893787,0.1060499462943072,0.10649542301861648,0.10592043989110188
12/30/2022,0.07269645430959931,0.07297997916907766,0.07289328755443925,0.07255454211256068
12/30/2024,0.06722594873578154,0.06729951049910791,0.06753785938986026,0.06710881037710374
12/30/2025,0.06653714497178277,0.06641733740401518,0.06706273984002958,0.06620162932790224
12/31/2021,0.10612376162442716,0.10632565369257019,0.10642391974343626,0.1060085223465933
12/31/2024,0.0676863140526171,0.06734434329109291,0.06768907736012188,0.06736822806856724
12/31/2025,0.0666336725254394,0.06667777006708304,0.06694036061026352,0.06659738937233846
