Date,Price,Open,High,Low
01/01/2024,0.3759197907585004,0.37628596338273756,0.37628596338273756,0.3762104039523394
01/01/2025,0.43142857142857144,0.43142857142857144,0.43142857142857144,0.43142857142857144
01/01/2026,0.40525842696629216,0.40463483146067414,0.4052612359550562,0.4062990126939351
01/02/2023,0.36847560975609756,0.36641986062717774,0.3701684088269454,0.36604239256678284
01/02/2024,0.3829789719626168,0.3776058394160584,0.38213600697471667,0.3770297897196262
01/02/2025,0.4292552570093458,0.43129126497224657,0.43144400642429553,0.4276574601782844
01/02/2026,0.4051910112359551,0.40487359550561797,0.40698876404494383,0.4056236786469345
01/03/2022,0.4164048865619546,0.41550550026191724,0.41619661844169425,0.41559055118110233
01/03/2023,0.37150740633168744,0.36884403136799304,0.37212605286087713,0.367223351728144
01/03/2024,0.382279959130054,0.38287091121495326,0.38347394540942925,0.3809842289719626
01/03/2025,0.4288463785046729,0.42934579439252335,0.43028913551401865,0.4275642523364486
01/04/2022,0.4187027972027972,0.417022687609075,0.41815931671605366,0.4174103237095363
01/04/2023,0.36909539712501815,0.3712184508268059,0.3715607774876704,0.3685855358698809
01/04/2024,0.3834929906542056,0.38271320093457945,0.38429030373831774,0.38133177570093457
01/05/2022,0.41807397069085833,0.41791659396265923,0.4184728033472804,0.417785152838428
01/05/2023,0.3690298291340863,0.36916085946573757,0.3704430929626412,0.3679006968641115
01/05/2024,0.3838084112149533,0.3839193925233645,0.38632301401869157,0.3817727803738318
01/05/2026,0.40588483146067417,0.40532303370786515,0.40731179775280896,0.4068970380818054
01/06/2022,0.42131118881118884,0.4187096774193549,0.42096251089799475,0.4186013986013986
01/06/2023,0.36438953488372094,0.3702483660130719,0.36933970460469157,0.3644366812227074
01/06/2025,0.426592700729927,0.4290157710280374,0.4285934321418192,0.4251336742147553
01/06/2026,0.40788724453840736,0.40582303370786516,0.4072191011235955,0.40687165021156557
01/07/2022,0.41816689944134083,0.4202371403661726,0.4204986922406277,0.41805865921787705
01/07/2025,0.4241418563922942,0.4272,0.42648625054561323,0.4217903037383178
01/07/2026,0.4086629055007052,0.40627247191011234,0.4074438202247191,0.4076191819464034
01/08/2024,0.38311039719626166,0.3840829439252336,0.3859521028037383,0.3830695093457944
01/08/2025,0.4257092819614711,0.42466365095578573,0.42741540256709454,0.42305446050518325
01/08/2026,0.40773378264532434,0.40659831460674156,0.4085256950294861,0.40809873060648805
01/09/2023,0.35921159420289855,0.3636231884057971,0.3636811594202899,0.3578376811594203
01/09/2024,0.38548109213023796,0.38322721962616824,0.3860213169805811,0.3822488317757009
01/09/2025,0.42527283338196675,0.4255399883245768,0.4264154786150713,0.4248904469763366
01/09/2026,0.40922212861555746,0.4075063184498737,0.4104745857905083,0.40922143864598026
01/10/2022,0.41816404886561953,0.41807397069085833,0.4189681017953634,0.41816783216783215
01/10/2023,0.359860788863109,0.3599564459930314,0.36218677494199536,0.3588008130081301
01/10/2024,0.3852015186915888,0.3856300189808731,0.38649145860709594,0.3844889018691589
01/10/2025,0.42971995332555424,0.4243704565280605,0.4290856229103067,0.4249839509775314
01/11/2022,0.41580122057541413,0.41768868746731747,0.4174851967955416,0.4165240174672489
01/11/2023,0.3601449275362319,0.3593052540165002,0.36188105918101576,0.3590777262180974
01/11/2024,0.38394506136762124,0.38533002336448596,0.3858177570093458,0.3837368421052632
01/12/2022,0.4134832635983263,0.41554973821989527,0.41560431905259493,0.4140157205240174
01/12/2023,0.3591652173913043,0.36011884057971016,0.36166086956521737,0.35795652173913045
01/12/2024,0.3838141166155195,0.38438596491228066,0.38512348385211165,0.3822485380116959
01/12/2026,0.41182762492981473,0.41013760179724795,0.41245055407490533,0.41077856135401974
01/13/2022,0.4142892071253929,0.4134425658009413,0.41447230929989554,0.414
01/13/2023,0.3581070911722142,0.35881024750325663,0.36060176479097356,0.35762028985507244
01/13/2025,0.4270574511519394,0.42968203033838975,0.4296300611709875,0.4273628938156359
01/13/2026,0.4140134717934325,0.41192869174621,0.41499298737727913,0.4135430183356841
01/14/2022,0.4161083916083916,0.4156812609457093,0.41656593886462884,0.41529597197898427
01/14/2025,0.4253055271984833,0.4276407115777195,0.4283236151603499,0.42513418903150524
01/14/2026,0.41059500420993544,0.4138787538591075,0.4152960987931518,0.4100280662363177
01/15/2024,0.38574309513371324,0.38402747333041065,0.3867046616980856,0.3839017974572556
01/15/2025,0.4241259658842397,0.42570262390670555,0.4256091887176505,0.42346165062700497
01/15/2026,0.4124719416386083,0.4102408963585434,0.4130233860803809,0.4128124118476728
01/16/2023,0.3593661360347322,0.3580607814761215,0.3596903039073806,0.3564428364688857
01/16/2024,0.39126608187134504,0.385965219932778,0.391848604413269,0.3860263157894737
01/16/2025,0.4241695804195804,0.42450014573010786,0.4256759906759907,0.42246575342465753
01/16/2026,0.4133464235624123,0.4124887766554433,0.4140336605890603,0.41437235543018336
01/17/2022,0.4160804195804196,0.41627622377622375,0.41752797202797204,0.41590559440559444
01/17/2023,0.35699365262550486,0.3595252569112751,0.3585083669936526,0.35788300028960324
01/17/2024,0.3913087785703887,0.3912373995617239,0.39324792546222154,0.39065887509130753
01/17/2025,0.4241275852024468,0.424752331002331,0.4255549082435188,0.4231390265228796
01/18/2022,0.4165874956339504,0.41526499302649933,0.41636395328568937,0.4146608391608392
01/18/2023,0.35761051719156317,0.35782533256217464,0.359867263021209,0.35472069464544137
01/18/2024,0.38970155772310383,0.391730965205998,0.3921939146891833,0.3888921240355219
01/19/2022,0.41463269935438846,0.41677903930131005,0.4163005578800558,0.4149160839160839
01/19/2023,0.3560271597804103,0.35752526710944266,0.3587785157377996,0.3559335260115607
01/19/2024,0.3893897810218978,0.39059766763848397,0.39038310269482884,0.38921840759678594
01/19/2026,0.41350729517396184,0.41382889200561007,0.41486676016830293,0.41257014590347924
01/20/2022,0.41693006993007,0.4147329842931937,0.41634873583260684,0.4151013986013986
01/20/2023,0.3550592314360011,0.35614851199075415,0.3578272175671771,0.355252817104883
01/20/2025,0.4183663366336634,0.4244829595106321,0.4251164822364589,0.4182114768424119
01/20/2026,0.4152720134604599,0.41342312008978677,0.4141507059974836,0.4132089238108601
01/21/2022,0.41696153846153844,0.4160816468946267,0.4169748778785764,0.4161328671328672
01/21/2025,0.4166618160651921,0.41920500873616773,0.4202587961616749,0.4171732478507941
01/21/2026,0.41097335203366053,0.4148008973639933,0.4142457710051726,0.41069434703324453
01/22/2024,0.39124908692476257,0.3897574517825833,0.39059834036977725,0.3887843366452367
01/22/2025,0.4176109413647606,0.4171362048894063,0.4181031227305737,0.4162003202795167
01/22/2026,0.4095468531468532,0.410964666292765,0.41140061504053677,0.41038855379436107
01/23/2023,0.3551747040138608,0.3555924855491329,0.3551979271628041,0.35403468208092487
01/23/2024,0.3908663257852447,0.3913951789627465,0.3920934989043097,0.38900803506208914
01/23/2025,0.4168265039232781,0.41801047120418844,0.4185511033681765,0.4166201279813845
01/23/2026,0.4054835996635828,0.4105999439304738,0.4109393346379648,0.4050126227208976
01/24/2022,0.4173817420143131,0.416364270760642,0.41796929518492676,0.41629952871356257
01/24/2023,0.3551563175334966,0.3540152496043735,0.35620486260969647,0.3548657233612475
01/24/2024,0.38924021040327295,0.3913208649912332,0.39199883109292816,0.38825540619520743
01/24/2025,0.41486926205694363,0.41727404824179015,0.4173861328691616,0.41463584823375493
01/25/2022,0.4175741710296684,0.41697994768962515,0.41794845001741554,0.41789160839160844
01/25/2023,0.35444140905823146,0.3545593098490295,0.3559683680805176,0.35378289000718904
01/25/2024,0.3907222222222222,0.3898859649122807,0.3914385964912281,0.38961111111111113
01/26/2022,0.4174472537053182,0.41779291077352887,0.41745384883315917,0.4175804195804196
01/26/2023,0.3555093795093795,0.35634971098265894,0.3566204906204906,0.3552630057803468
01/26/2024,0.39046297648605227,0.39045547445255474,0.39116788321167884,0.38948275862068965
01/26/2026,0.40534342584805155,0.4052425007008691,0.4064760302775442,0.40175777964676196
01/27/2022,0.4194320557491289,0.41874455100261554,0.4196241517313381,0.41890052356020946
01/27/2023,0.3548174866541624,0.35440322116767325,0.3556370434282427,0.3542782909930716
01/27/2025,0.41616032529770547,0.41533701336432305,0.4179175137961081,0.41522370714700757
01/27/2026,0.40144379029997196,0.40534342584805155,0.4068747375787264,0.4016690042075736
01/28/2022,0.4229230769230769,0.42246709949113875,0.42391129736336647,0.4229269149683767
01/28/2025,0.4194341265235055,0.4169939006680221,0.42030711284948574,0.4164420563462097
01/28/2026,0.4008912556053812,0.40307541351275583,0.4027683694891533,0.39807961872722175
01/29/2024,0.38952659263588546,0.3909848042080655,0.3913559322033898,0.38909117475160726
01/29/2025,0.41811484918793507,0.42001450957632036,0.41989572773352646,0.41834035750617643
01/29/2026,0.40137370339220635,0.4008912556053812,0.4033099775784753,0.3991337258200168
01/30/2023,0.35534843456932624,0.35381075639919474,0.3544529115744069,0.3538623575241668
01/30/2024,0.3878919708029197,0.3894320338735582,0.3895007299270073,0.3874025405168638
01/30/2025,0.4184260869565217,0.4186890951276102,0.4190869565217391,0.4174564965197216
01/30/2026,0.4067283431455004,0.40137370339220635,0.4061146853146853,0.4010743338008415
01/31/2022,0.42039085674402377,0.4229755244755245,0.42306243460062787,0.4238683562126012
01/31/2023,0.35593073593073593,0.3531766055045872,0.3552013759495485,0.3544543879907621
01/31/2024,0.38993859649122803,0.3888126186651088,0.3905330801811012,0.38819005847953214
01/31/2025,0.42181976238771374,0.41900579710144925,0.4221656050955414,0.41829781064230825
02/01/2022,0.4196544502617801,0.4205061082024433,0.4216439790575916,0.419413612565445
02/01/2023,0.3492228571428571,0.35370412844036697,0.35233228661147586,0.35219336219336217
02/01/2024,0.38801459854014597,0.38962335766423356,0.3901576642335766,0.388
02/02/2022,0.4185136078157711,0.41905209966893187,0.41972817564035547,0.41880524017467247
02/02/2023,0.3496374536111904,0.3490675424817935,0.3500913502711961,0.3472311866342996
02/02/2024,0.3907579962027165,0.3884153643931649,0.39130422082663946,0.3856754783116693
02/02/2026,0.40764293721973094,0.40685730305578915,0.4091927374301676,0.40660771929824563
02/03/2022,0.4182252440725244,0.4183167799268165,0.42069698553755014,0.41838743455497385
02/03/2023,0.3561627408993576,0.3506554092730395,0.35632943858649185,0.35114170969592656
02/03/2025,0.4225289687137891,0.42392929585627354,0.4268539976825029,0.4226282237032744
02/03/2026,0.40639955169515274,0.407640134529148,0.40752871952927994,0.40396014594442886
02/04/2022,0.4174359867618882,0.41834494773519165,0.41875979794460894,0.417006968641115
02/04/2025,0.42053561088592933,0.42283936324167876,0.42458935801041064,0.41988405797101447
02/04/2026,0.40967217708041465,0.406144578313253,0.4096861866068927,0.40565863228699556
02/05/2024,0.38940557908573104,0.3906820505330802,0.39127208996640866,0.3885818606689061
02/05/2025,0.41763378652010413,0.420825130283729,0.4210629693818602,0.41752714637324456
02/05/2026,0.41097738061993855,0.40966937517511903,0.4110360234571349,0.4089449348465742
02/06/2023,0.3595577746077033,0.35562366357804703,0.3602565198802907,0.3551013417071082
02/06/2024,0.38757704103987145,0.3894715328467153,0.3897722627737226,0.3870892361618227
02/06/2025,0.41803065355696933,0.418079259473532,0.41940794223826716,0.41755497685185183
02/06/2026,0.4100756514429812,0.41240403474362564,0.41221725774923207,0.4096945923227795
02/07/2022,0.4170278745644599,0.4174791086350975,0.41820682451253477,0.41697560975609754
02/07/2023,0.3580496150556031,0.35970059880239524,0.3605445473984319,0.3572781740370899
02/07/2024,0.387821897810219,0.38752408759124085,0.3884058394160584,0.3860671532846715
02/07/2025,0.4204947200925792,0.4182995951417004,0.4212630057803468,0.4172370895414437
02/08/2022,0.41684668989547036,0.41668233246301134,0.4175234782608696,0.41716129032258065
02/08/2023,0.3591054131054131,0.3580866837753065,0.35976641504059254,0.356880079851704
02/08/2024,0.3886978102189781,0.38810866072732586,0.3894832116788321,0.3870395793778297
02/09/2022,0.41532173913043474,0.4161391304347826,0.4161494352736751,0.41532114882506527
02/09/2023,0.35972688477951636,0.3593758016246259,0.3603157894736842,0.3576343166595411
02/09/2024,0.3889093567251462,0.3896374269005848,0.3901052631578948,0.38882163742690057
02/09/2026,0.4070538955598995,0.41050714485850376,0.41027366657358283,0.4071616699355562
02/10/2022,0.4180592334494773,0.41608710801393733,0.41834494773519165,0.41582578397212544
02/10/2023,0.3605832147937411,0.359593461265103,0.36096943852167734,0.3583044096728307
02/10/2025,0.41862914862914863,0.4208675534991324,0.42044438032030007,0.41921307681180386
02/10/2026,0.4081143177360605,0.4085822359204259,0.4085758168109466,0.40694592322779494
02/11/2022,0.41757354221061793,0.41735698139454,0.4179690488610676,0.41539773716275025
02/11/2025,0.4193236994219653,0.4196444058976583,0.4209248554913295,0.41936062490959064
02/11/2026,0.40518912860745304,0.408279630148501,0.40821558223959786,0.4040297043575732
02/12/2024,0.3879299270072993,0.38879708029197085,0.389156204379562,0.38773430656934305
02/12/2025,0.41904679376083187,0.4199017341040462,0.4216117850953206,0.41903715483591153
02/12/2026,0.4022793296089386,0.40540767722050997,0.4054174811505166,0.4014854260089686
02/13/2023,0.3621308677098151,0.3598834730709109,0.36391359954526076,0.36024182076813654
02/13/2024,0.3910543969666035,0.38755102040816325,0.39182798833819243,0.3875361472177596
02/13/2025,0.4156909747292419,0.4193356441363374,0.4203059604560543,0.416228323699422
02/13/2026,0.4036312692630989,0.40357242925189124,0.4047444847807875,0.40347021723896287
02/14/2022,0.41638671535385147,0.41749869542529133,0.4173052851182198,0.4153522351713342
02/14/2023,0.3615142045454545,0.36276638176638176,0.36174443341370016,0.36024557395773843
02/14/2024,0.3900029325513197,0.39119439988333093,0.3913081522531719,0.39002932551319647
02/14/2025,0.4151204037490988,0.41643269786250725,0.41721701514059123,0.41500288850375505
02/15/2022,0.4164816425961371,0.4162148070907195,0.41694738669907966,0.4164738675958188
02/15/2023,0.36412482269503543,0.3627679589509692,0.3655728871242201,0.36297332001712085
02/15/2024,0.38903367496339675,0.39024461696206236,0.39100732064421667,0.3891753332356819
02/16/2022,0.41553394686577527,0.4163026086956521,0.41658968570932453,0.4157286956521739
02/16/2023,0.36597417340712357,0.3642468085106383,0.3675347517730496,0.3629317440045409
02/16/2024,0.3894368875237677,0.3887485380116959,0.39105847953216377,0.3891870514135052
02/16/2026,0.40469038946483604,0.40365928831605496,0.40498458952087424,0.40293079293919865
02/17/2022,0.41727763272410795,0.41566168808614107,0.41682875998610625,0.4158189730200174
02/17/2023,0.36757055736774924,0.3659404255319149,0.36980431083380605,0.36582127659574465
02/17/2025,0.4161940514005198,0.41621894858463315,0.41747328905573206,0.4155950317735413
02/17/2026,0.4047660409078173,0.4041384141216027,0.4047241234809331,0.40381606617131643
02/18/2022,0.4158573913043478,0.41652536483669217,0.41679986101459343,0.41493913043478264
02/18/2025,0.4162097356637296,0.41648570603522955,0.4171325648414986,0.41540372670807457
02/18/2026,0.4041692350798543,0.40516391145979264,0.4041333147399247,0.403951205832866
02/19/2024,0.390147725610648,0.38992248062015505,0.39097849934181655,0.38924967090829315
02/19/2025,0.4149963950973324,0.41632110886514584,0.41668685121107263,0.41504764654923476
02/19/2026,0.4043291492329149,0.40404595124684783,0.40574136008918615,0.4040717891194616
02/20/2023,0.36761877747837185,0.36804708551978443,0.3686682740036874,0.3667394695787832
02/20/2024,0.39033947907521216,0.3906613988879134,0.39201638864501026,0.3897453906935909
02/20/2025,0.413079255088783,0.4160161662817552,0.4166320346320347,0.4137050411671241
02/20/2026,0.4052087419445223,0.40618940879798265,0.40468227424749165,0.40671366135626674
02/21/2022,0.4151930434782609,0.4168,0.4172939130434783,0.41381913043478263
02/21/2023,0.3704780819974465,0.3675701729515169,0.3714771760703147,0.36693431692438644
02/21/2024,0.3914948604992658,0.3912346041055718,0.39234310850439885,0.3911483113069016
02/21/2025,0.4135642135642136,0.4134776334776335,0.4149286023366508,0.4131495381062356
02/22/2022,0.4145739130434783,0.415152041702867,0.41548611111111106,0.41453089643167973
02/22/2023,0.3697034198949908,0.3706995884773663,0.371099758762594,0.36853128991060025
02/22/2024,0.3895656002348107,0.3915859030837004,0.3918520692691517,0.3888957415565345
02/23/2022,0.4140416666666667,0.4141746224613782,0.41427332639611514,0.41342832319721984
02/23/2023,0.3681957446808511,0.36981694338016174,0.37065248226950354,0.3670554846033773
02/23/2024,0.39035808629292634,0.3896419137070737,0.39163780452010566,0.389424713824479
02/23/2026,0.4046511627906977,0.4054889324740824,0.4060381059120202,0.40317175679462036
02/24/2022,0.41876736111111107,0.4135945899080978,0.41977477477477476,0.4142241529105126
02/24/2023,0.37257653061224494,0.3678701998016154,0.3735325779036827,0.3677418439716312
02/24/2025,0.41218695903058283,0.4143392960184651,0.4145011534025375,0.4108395845354876
02/24/2026,0.4038722331185206,0.4046567666012889,0.4035674470457079,0.4033623107122827
02/25/2022,0.41474285714285714,0.41784514117443267,0.4177570093457944,0.415157712305026
02/25/2025,0.41332564176521486,0.4124783612233122,0.41419094317854055,0.4122615095973445
02/25/2026,0.39796094839609486,0.40401513028859626,0.40211817168338904,0.4017538418158748
02/26/2024,0.39173529411764707,0.3912058823529411,0.3921647058823529,0.3906382352941177
02/26/2025,0.41326412918108424,0.41306893567926156,0.4144665513264129,0.4122007499278915
02/26/2026,0.40127206500420287,0.40007845334827685,0.40085005574136007,0.3978771733034212
02/27/2023,0.3734126984126984,0.37234102818297693,0.37552471321342584,0.3718735827664399
02/27/2024,0.3917794117647059,0.3918735294117647,0.39226176470588237,0.3910441176470588
02/27/2025,0.4181262611703661,0.41346597462514423,0.4183057196369399,0.4139512054280352
02/27/2026,0.4034183244606332,0.40123003642476884,0.4030239687848383,0.4010936623667975
02/28/2022,0.41526643598615914,0.41837865927593976,0.41796715643906657,0.41620797227036394
02/28/2023,0.37500566893424037,0.37343152527970547,0.37592692253221927,0.3725680272108844
02/28/2024,0.39236764705882354,0.39185882352941176,0.3935764705882353,0.39133235294117646
02/28/2025,0.42111815561959653,0.4182358028250216,0.42193892250072024,0.41820671760126854
02/29/2024,0.3928134196586227,0.3931430253090053,0.39363743378457916,0.3916450853443202
03/01/2022,0.41778856152512994,0.4156332179930796,0.416924140314498,0.4151403812824957
03/01/2023,0.36959513023782564,0.37485908511542276,0.3750056625141563,0.3678204220365387
03/01/2024,0.39132941176470587,0.39311653914067096,0.39330882352941177,0.3918069452619187
03/02/2022,0.415671100362757,0.4165958182132366,0.41768526515805837,0.4162701298701299
03/02/2023,0.37085431400282887,0.37002833663927454,0.37275247524752475,0.36946443751771035
03/02/2026,0.40718487394957986,0.4042028579434015,0.4075156750731503,0.40380257992148066
03/03/2022,0.41859027777777774,0.41903534737941844,0.4189468214100121,0.4199755458515284
03/03/2023,0.36643947963800905,0.37102560475314755,0.37109162895927605,0.3661423115009195
03/03/2025,0.4201556195965418,0.42126801152737753,0.4214724103155165,0.41968286002594785
03/03/2026,0.4148067226890756,0.4054504881450488,0.4198718127351261,0.40747791952894996
03/04/2022,0.4214817379262593,0.4205331010452962,0.42206920415224913,0.4206974716652136
03/04/2024,0.3914382352941177,0.39149999999999996,0.3921823529411765,0.3905705882352941
03/04/2025,0.4187752161383286,0.42044380403458215,0.42170556035724577,0.41892187950417986
03/04/2026,0.4097282151863267,0.416187675070028,0.41405322558171936,0.408679192372406
03/05/2024,0.39322732626619555,0.3923564064801178,0.393678634490877,0.3918586156111929
03/05/2025,0.41618663594470046,0.419164265129683,0.4212095032397408,0.41620063418852693
03/05/2026,0.4151205156950673,0.40985149901933315,0.41525083612040137,0.4082176412845323
03/06/2023,0.3668628005657708,0.3660302644604723,0.3680786087940054,0.36585007072135783
03/06/2024,0.39262333825701623,0.3948537666174298,0.3952082717872969,0.39267060561299855
03/06/2025,0.4171008645533141,0.41610951008645536,0.4186716611439274,0.4145307769929364
03/06/2026,0.41525077052395626,0.41517656950672643,0.41703734671125975,0.4113840976020193
03/07/2022,0.4263460207612457,0.4227162629757786,0.4268062283737024,0.42216262975778546
03/07/2023,0.3729250353606789,0.36703902714932124,0.3733569004524887,0.36678925035360677
03/07/2024,0.3908685376661743,0.39294534711964546,0.3937754800590842,0.3909837518463811
03/07/2025,0.4175792507204611,0.4170028818443804,0.41760979121670266,0.41541720709035884
03/08/2022,0.4264580812445981,0.4266089665916566,0.4278466586081851,0.4252709956709957
03/08/2023,0.37185875706214694,0.3728779521991232,0.3741694915254237,0.3713041018387553
03/08/2024,0.3882005899705015,0.3904467049977886,0.39129588677576294,0.38697050147492623
03/09/2022,0.42249740932642493,0.42642239889388184,0.42633666781648843,0.4230968858131488
03/09/2023,0.3743321095735668,0.3720740322124894,0.37496752329850325,0.3719264497878359
03/09/2026,0.40956850658447747,0.4161641916503222,0.4176765566234852,0.409913067863152
03/10/2022,0.4237344827586207,0.42166149603584974,0.4238609772883689,0.42249740932642493
03/10/2023,0.373159977388355,0.37452542372881353,0.37543195934500284,0.37046245226983454
03/10/2025,0.4204062229904927,0.4175821325648415,0.4205326040017274,0.4166786795444717
03/10/2026,0.4128271224432615,0.40982908377696836,0.41224404513163393,0.41212744959819536
03/11/2022,0.4262118863049095,0.4237103448275862,0.42649784668389323,0.42352758620689657
03/11/2024,0.386079528718704,0.3884808259587021,0.3878970588235294,0.38612112259970455
03/11/2025,0.4179377880184332,0.4205906078939787,0.4204951065054692,0.4178296584522266
03/11/2026,0.41408237601569065,0.4109623430962343,0.4121883270650508,0.4104867442839108
03/12/2024,0.38460049846063626,0.3845565166397889,0.3853745785075502,0.3857138643067846
03/12/2025,0.4179147465437788,0.4181566820276498,0.4193490783410138,0.4176657060518732
03/12/2026,0.41645746164574615,0.4139086578873634,0.4167377072015601,0.4135530005608525
03/13/2023,0.3667835926449788,0.3730486425339366,0.37316756145803903,0.36697055492638736
03/13/2024,0.38754867256637165,0.3871622418879056,0.3893038348082596,0.38623598820058996
03/13/2025,0.4185570276497696,0.41794354838709674,0.41994239631336405,0.41766469655470667
03/13/2026,0.42070047632390023,0.41837489492855146,0.4189549951233106,0.416837822671156
03/14/2022,0.42707056798623066,0.4262187769164513,0.42708591065292095,0.42567833132218585
03/14/2023,0.36872526851328435,0.3678218944980148,0.371464104013567,0.3677248226950355
03/14/2024,0.3894159187877005,0.38676968359087566,0.38993823529411764,0.3872177121771218
03/14/2025,0.4175647668393782,0.41869314910765687,0.419789867587795,0.41766263672999426
03/15/2022,0.425598627787307,0.42746859404577525,0.42739763577180057,0.4265358802271554
03/15/2023,0.3709152542372881,0.36904411764705886,0.37381073446327684,0.366487556561086
03/15/2024,0.3913617647058824,0.38984696880517955,0.3921364505219821,0.38925091979396614
03/16/2022,0.4203602058319039,0.4259554030874786,0.4267753001715266,0.42034991423670665
03/16/2023,0.3674717514124293,0.37101129943502825,0.37205367231638414,0.36759887005649716
03/16/2026,0.41726890756302526,0.42035584197254133,0.41832033426183846,0.4166017103602972
03/17/2022,0.41434589041095893,0.4194350282485876,0.42001710571330825,0.41399485861182517
03/17/2023,0.37064305949008497,0.36775141242937853,0.369870093194013,0.3677733711048159
03/17/2025,0.41547653325655054,0.41783246977547495,0.41802561519643117,0.4156599423631124
03/17/2026,0.41499163413273843,0.41726610644257706,0.41647632311977717,0.416341189674523
03/18/2022,0.414777397260274,0.4145821917808219,0.4168698630136986,0.4133595890410959
03/18/2024,0.3930029411764706,0.39149999999999996,0.3935647058823529,0.39123823529411766
03/18/2025,0.4168095512082854,0.4155670696603339,0.4189817345030922,0.414943124550036
03/18/2026,0.4225322128851541,0.41694031941720366,0.42086096405684037,0.41557829805131086
03/19/2024,0.39330588235294117,0.39323823529411767,0.39457647058823525,0.39293823529411764
03/19/2025,0.4202848511005611,0.4170339470655926,0.4210123669830313,0.41706720391423224
03/19/2026,0.4172717086834734,0.4224593837535014,0.42067428252995265,0.4173310905522848
03/20/2023,0.3695594276809746,0.3702205882352941,0.37161481900452487,0.36813996316758746
03/20/2024,0.3906480529022778,0.39337647058823527,0.39448052902277736,0.3912764705882353
03/20/2025,0.42160793901912846,0.419096922634455,0.4230621046578494,0.4188
03/20/2026,0.4218408517792098,0.4186442577030812,0.4197075208913649,0.4168568624702089
03/21/2022,0.4155460750853242,0.41491438356164384,0.41541396933560476,0.41451712328767126
03/21/2023,0.3693454236327572,0.3694205978183878,0.3716078764697549,0.3689402096911306
03/21/2024,0.39220049977950905,0.3913794117647059,0.392817046289493,0.38887908208296557
03/21/2025,0.4210992805755395,0.4218142610695802,0.4222557471264368,0.4203712230215827
03/22/2022,0.4146996587030716,0.41597952218430034,0.4177201365187714,0.4145085324232082
03/22/2023,0.3677149737923218,0.369406431505879,0.3712593851820371,0.36508287292817676
03/22/2024,0.3951264705882353,0.39276764705882355,0.3963470588235294,0.3910882352941177
03/23/2022,0.4159112627986348,0.414740614334471,0.4163139931740614,0.4132798634812287
03/23/2023,0.3644227227652642,0.36763847570477404,0.3684091231052557,0.361470463238419
03/23/2026,0.41693860386879733,0.42145138694312134,0.42317871569856524,0.4150168255748738
03/24/2022,0.4162389078498293,0.4179019540623929,0.41746464474356787,0.41825085910652915
03/24/2023,0.3668631340323038,0.3645990365542647,0.37063190705582316,0.36360442051572683
03/24/2025,0.42160655266561287,0.42129310344827586,0.4224529656757145,0.4204947504674241
03/24/2026,0.4191204481792717,0.4166405155505744,0.4192644190582335,0.41673022994952325
03/25/2022,0.4166938775510204,0.41843728581220013,0.4171122448979592,0.41684715558601776
03/25/2024,0.39348714180749444,0.394975022039377,0.39518660005877165,0.3922645113886848
03/25/2025,0.42009475951184494,0.4215713875323183,0.42226176808266364,0.42049144992096565
03/25/2026,0.4215294117647059,0.4192240896358544,0.419707439398161,0.4177316697041918
03/26/2024,0.39496764705882353,0.393722263041881,0.39535047759000735,0.39242941176470586
03/26/2025,0.4213174512055109,0.4201061997703789,0.42185546314883854,0.41985636311404767
03/26/2026,0.42228851540616247,0.42161344537815126,0.4210755084981889,0.4211893408134642
03/27/2023,0.36768271954674225,0.36702748654009637,0.3692227098966445,0.3668717221828491
03/27/2024,0.39694750771945303,0.3953235294117647,0.3979450242540056,0.3945470588235294
03/27/2025,0.4196733524355301,0.421227416117006,0.42174498567335245,0.41987374461979915
03/27/2026,0.4224054886586391,0.4223529411764706,0.42202535172029526,0.42144679657927936
03/28/2022,0.4155008488964347,0.4196024674434545,0.41693378607809845,0.41886908841672377
03/28/2023,0.36743342776203963,0.3678566369174104,0.36845413363533414,0.3666165839829908
03/28/2024,0.3967308540349846,0.3971621820320541,0.3978656475084521,0.394836053521541
03/28/2025,0.42104554568891434,0.4197478510028653,0.42153537668289887,0.4197015781922525
03/29/2022,0.40927118644067795,0.4155585738539898,0.41529491525423723,0.40993887945670626
03/29/2023,0.36977337110481584,0.3677607709750567,0.37066572237960344,0.3670493197278912
03/29/2024,0.39555653580355826,0.39720629319217765,0.3972298191442435,0.39509777973827376
03/30/2022,0.409580372250423,0.40886294416243657,0.4105651438240271,0.4084805414551607
03/30/2023,0.3667751060820368,0.3702917847025496,0.3700622347949081,0.36720679886685553
03/30/2026,0.4252311571868871,0.42234948193783256,0.4241710782947896,0.42276983459489764
03/31/2022,0.41158305084745767,0.40895608108108106,0.4106317567567568,0.40954576271186444
03/31/2023,0.3691661955907292,0.36877168040943986,0.3698501978518937,0.36663346613545816
03/31/2025,0.4216700085935262,0.4211973646519622,0.4231796046977943,0.42192528735632184
03/31/2026,0.42182810750279953,0.42332496513249646,0.42859729767377075,0.4216119988786095
04/01/2022,0.4099932773109244,0.41302855200543853,0.40941788290555275,0.4127770224337186
04/01/2024,0.3978656475084521,0.39580479200352786,0.3987093929148905,0.3947670145524033
04/01/2025,0.42130696474634566,0.42195645946720134,0.4228612303290415,0.42158045977011493
04/01/2026,0.423812324929972,0.4216405375139977,0.4225713887728096,0.4197251051893408
04/02/2024,0.3974268489927952,0.39808263490663137,0.39883840611674753,0.39631524775768273
04/02/2025,0.4182933104631218,0.42086981402002865,0.421483704974271,0.418344076779831
04/02/2026,0.4225629546726357,0.42426651735722287,0.42429008908685967,0.42259186535764376
04/03/2023,0.36986433013001696,0.36947680995475113,0.373352176370831,0.3692590497737557
04/03/2024,0.3953373511686021,0.3975650639611822,0.39781631153563557,0.3955594765475665
04/03/2025,0.41385734664764623,0.41913664951400803,0.4192543048242493,0.41536169603208706
04/03/2026,0.4226181818181818,0.4225629546726357,0.4210020876826722,0.42158676759181385
04/04/2022,0.40525876460767946,0.408643216080402,0.40743238731218695,0.4066789544235925
04/04/2023,0.37165390070921983,0.3701244343891403,0.37219774011299434,0.3700936170212766
04/04/2024,0.39720123474937524,0.3956682840758712,0.39747170366014994,0.3949536832818703
04/04/2025,0.4156483328583642,0.4141740370898716,0.41653003131226873,0.40816495433789957
04/05/2022,0.40472425249169436,0.40693248450326686,0.405421926910299,0.40607616171783256
04/05/2023,0.37363120567375885,0.3715735752764389,0.37380493337113696,0.37126524822695034
04/05/2024,0.3972680488163506,0.39748566387295986,0.3988531098367887,0.39653580355830026
04/06/2022,0.40247272727272726,0.4045875518672199,0.4039537190082645,0.40494587843463775
04/06/2023,0.3751066856330014,0.3736661466458658,0.37516664302935754,0.3740113798008535
04/06/2026,0.42032033426183846,0.4225846153846154,0.420926673159872,0.4201710120549481
04/07/2022,0.4041487603305785,0.40445108785915956,0.403810623556582,0.40410963455149496
04/07/2023,0.3744807965860597,0.3752460881934566,0.3755960170697013,0.373977240398293
04/07/2025,0.41889712168709037,0.41593616414933027,0.41910048391688015,0.4154934398174558
04/07/2026,0.41876049244543934,0.4221712367095691,0.4232932288752098,0.41816731952993846
04/08/2022,0.4056732673267327,0.40368438428524267,0.4062277227722772,0.40319577418289865
04/08/2024,0.3979950022049096,0.39725709245920915,0.3990210201381743,0.39716301631633105
04/08/2025,0.4203196605374823,0.4191821031632944,0.4207579185520362,0.41782844115132517
04/08/2026,0.41359720279720275,0.418852825965305,0.4176934833958594,0.4116330532212885
04/09/2024,0.3978297997644287,0.3983095693076584,0.39899162134352495,0.3976472320376914
04/09/2025,0.4093431483578709,0.42186950354609926,0.42138165345413364,0.4098354609929078
04/09/2026,0.41235178970917225,0.4112767732962448,0.4125757154765212,0.41175416491670164
04/10/2023,0.37597722419928825,0.3741338638624414,0.37630240159158734,0.3745692723907162
04/10/2024,0.4014811542991755,0.3980632818248713,0.40223693892568063,0.3964428739693757
04/10/2025,0.41118879139541464,0.4093884484711212,0.4149561279365978,0.4093884484711212
04/10/2026,0.41524328859060405,0.41229586129753915,0.41355932203389834,0.4117105263157895
04/11/2022,0.4070976253298153,0.4053265171503958,0.4079221635883905,0.40626446280991735
04/11/2023,0.37659307790912977,0.3759755229827807,0.3770627579336843,0.3749494374020795
04/11/2024,0.4025353356890459,0.4016578327444052,0.40381036513545343,0.400906949352179
04/11/2025,0.4013372914899632,0.4109908127208481,0.4118858595846871,0.4013359750919898
04/12/2022,0.404106614017769,0.40728891820580476,0.4075781507074696,0.4041287128712871
04/12/2023,0.37681766381766385,0.37784285714285715,0.3779487908961593,0.3775078683834049
04/12/2024,0.4062691401648999,0.40284957315278186,0.408111846946284,0.4023527679623086
04/13/2022,0.40171756978653533,0.4035321176277313,0.40370370370370373,0.4022090534979424
04/13/2023,0.37016785206258895,0.37753459837351977,0.3771761363636364,0.37086056800342515
04/13/2026,0.41146314325452016,0.41477908277404923,0.4167407613225896,0.4134145317093658
04/14/2022,0.40299754299754303,0.40077641277641274,0.4034627354627354,0.400855737704918
04/14/2023,0.3715099715099715,0.37055357905222713,0.37170100895267866,0.36874358974358973
04/14/2025,0.40130336443313547,0.40176703420978227,0.40459104393275885,0.4007213578500707
04/14/2026,0.4117645413870246,0.41362975391498885,0.4128091136426785,0.41129971988795516
04/15/2022,0.40268524590163934,0.40336393442622953,0.40397049180327865,0.4022983606557377
04/15/2024,0.40839517078916376,0.4065371024734982,0.4095099337748344,0.406404593639576
04/15/2025,0.40254796839729123,0.40158608990670064,0.40406038374717834,0.4012439920836868
04/15/2026,0.41275321768326806,0.4118791946308725,0.4111225340372326,0.4120347533632287
04/16/2024,0.4091578327444052,0.4087308598351001,0.4124911660777385,0.408510011778563
04/16/2025,0.3987898448519041,0.4029176072234763,0.4039300817592332,0.39954455445544557
04/16/2026,0.4137555928411633,0.412508389261745,0.4116032231175326,0.410672268907563
04/17/2023,0.37581481481481477,0.3716711782305172,0.3764536786679949,0.3714774184356746
04/17/2024,0.4060247349823321,0.4092300897983218,0.40991609009274255,0.40620141342756183
04/17/2025,0.3983754918493536,0.3989878770792219,0.3999241573033708,0.39975689045936397
04/17/2026,0.4101509644953872,0.4137444071588367,0.4128351159883317,0.4073389355742297
04/18/2022,0.4035347925514538,0.4018603890796142,0.4037275400196014,0.4025814905814906
04/18/2023,0.3758205128205129,0.3759287749287749,0.376425010682239,0.3749024077503918
04/18/2024,0.4061866902237927,0.4064016489988222,0.40736749116607773,0.40375147232037695
04/18/2025,0.3992959326788219,0.39880550871276,0.4000056100981767,0.40091872791519434
04/19/2022,0.4057381342062193,0.4034781188765513,0.4055049763419808,0.40365630114566287
04/19/2023,0.37883475783475784,0.3759401709401709,0.3807806267806268,0.3742706552706553
04/19/2024,0.40539823008849557,0.4072330383480826,0.41110914454277286,0.40553982300884955
04/20/2022,0.4026305483028721,0.4045717082721488,0.4042475570032573,0.4029328102010789
04/20/2023,0.3781742857142857,0.3814568396902782,0.37976353276353275,0.3786335582029568
04/20/2026,0.4115543751747275,0.4099720436119653,0.4110876510626476,0.41001399776035835
04/21/2022,0.4061470588235294,0.4018169977206122,0.4053891240638229,0.4032222222222222
04/21/2023,0.37981714285714285,0.3772193732193732,0.3797920227920228,0.37749714285714286
04/21/2025,0.3981041725007001,0.39860589060308554,0.3986278353402408,0.39977385159010603
04/21/2026,0.4148881431767338,0.41159351411797596,0.41270555555555555,0.4107250839865621
04/22/2022,0.40478607450789,0.4045392380332139,0.4058727834716122,0.40373268133659335
04/22/2024,0.4059864546525324,0.40503533568904593,0.4075530035335689,0.40474381625441697
04/22/2025,0.4003891377379619,0.3983842061047326,0.40024339068401177,0.40073780918727914
04/22/2026,0.4132839575181666,0.4140497484628284,0.41305000000000003,0.41256263121063685
04/23/2024,0.4042543795083174,0.4061033416752539,0.406365376122479,0.4037744737229501
04/23/2025,0.39950181919955224,0.4003891377379619,0.40048111888111887,0.397733893557423
04/23/2026,0.41398155909471923,0.4132811626607043,0.4129426468546035,0.4130730478589421
04/24/2023,0.38071714285714287,0.3801628804114874,0.3821282673903728,0.3796199457065295
04/24/2024,0.4054858657243816,0.40454358068315666,0.4059511189634864,0.4025294464075383
04/24/2025,0.40051497341169884,0.39950181919955224,0.4030058774139379,0.39952647800504343
04/24/2026,0.41259290304554347,0.4141827326068734,0.4128454381335926,0.4126682524136001
04/25/2022,0.40653658536585363,0.40488042947779407,0.4069988638208083,0.4050912052117264
04/25/2023,0.3831114285714286,0.38313883299798795,0.3833970336565887,0.381773498131647
04/25/2024,0.4038309776207303,0.40571260306242635,0.4062770499043133,0.40389870435806835
04/25/2025,0.40228219829394485,0.400512174643157,0.4039295203468046,0.40027427931710047
04/26/2022,0.408645056726094,0.4057179944832062,0.4086926939899563,0.4042662337662338
04/26/2023,0.38283547925608014,0.38334095455844525,0.38314061384725195,0.3818226037195994
04/26/2024,0.40530918727915194,0.4040518256772674,0.4061837455830389,0.4034746760895171
04/27/2022,0.40979611650485437,0.4092098004218725,0.41097024579560154,0.4091805938666234
04/27/2023,0.38316738197424893,0.3852734599884859,0.38530185979971393,0.38482510436159495
04/27/2026,0.4117910030734842,0.41252305113160104,0.41054853492570476,0.4110451937876032
04/28/2022,0.410358064516129,0.40957309184993534,0.41179032258064513,0.40914886731391586
04/28/2023,0.38276967095851216,0.38289838502215234,0.38364727740460197,0.38259413027916966
04/28/2025,0.40236348361803415,0.4024510352546167,0.4046399105020277,0.401767012041445
04/28/2026,0.4115143894942721,0.4119586476669461,0.4132550991897178,0.4114010067114094
04/29/2022,0.4067729468599034,0.4111746647277428,0.41000322061191624,0.40551623848763935
04/29/2024,0.40479093050647824,0.4058009422850412,0.407670789163722,0.4043580683156655
04/29/2025,0.40071068830442086,0.4025917623984309,0.4033058313522584,0.4009078173157747
04/29/2026,0.41592903045543445,0.4115479184129645,0.41717798267672535,0.4114653243847875
04/30/2024,0.4078245510744775,0.40500588928150766,0.40828966735354727,0.40436101295641935
04/30/2025,0.39884938409854426,0.40071068830442086,0.4013038612199217,0.397626786214626
04/30/2026,0.41186085498742664,0.4159094719195306,0.4160743224364348,0.41132513279284316
05/01/2023,0.38380897912496426,0.38249821352008007,0.3840405772253179,0.38254758837841707
05/01/2024,0.40555064782096584,0.40813604240282686,0.4087779740871614,0.40598351001177857
05/01/2025,0.40181589255735867,0.39879356193142057,0.4024919591665501,0.3982665919910389
05/01/2026,0.4110980720871752,0.4116261525565801,0.41273540094998606,0.4101424979044426
05/02/2022,0.4088741935483871,0.4074915418076366,0.40912749517063746,0.40738064516129036
05/02/2023,0.38403719599427755,0.3841733409610984,0.3843523019731198,0.3826494992846924
05/02/2024,0.4024587750294464,0.4059157832744405,0.40742343934040043,0.4024087161366313
05/02/2025,0.3916899832120873,0.40181589255735867,0.402726891343868,0.38947913749649954
05/03/2022,0.40623690572119253,0.40858662369057214,0.4084900193174501,0.40616277195809825
05/03/2023,0.3817048054919909,0.38432517532560473,0.3841035173005433,0.3805095176756834
05/03/2024,0.39888987043580687,0.40280918727915194,0.4042255594817432,0.3967314487632509
05/04/2022,0.40293303283966514,0.40629933945545355,0.4080779137153896,0.40297083937489925
05/04/2023,0.37841819221967965,0.3817638650657519,0.3819296740994854,0.3776573226544622
05/04/2026,0.4124923162894663,0.4114836546521375,0.41331098072087175,0.40896840928152084
05/05/2022,0.40876006441223833,0.40345905867182463,0.4100289575289575,0.40310122501611867
05/05/2023,0.37749856733524356,0.37867219917012446,0.3788066962369438,0.3768763433156612
05/05/2025,0.38471608391608386,0.3916899832120873,0.3913511247729496,0.38224586950434053
05/05/2026,0.4105532271584241,0.4124084939927354,0.4131405420508522,0.4098854428611344
05/06/2022,0.4077668967731578,0.4086817962337035,0.40984748755819556,0.4079137153895686
05/06/2024,0.39897232037691405,0.39965547703180215,0.40086572438162543,0.3984540636042403
05/06/2025,0.38483636363636364,0.3847188811188811,0.3886796143635602,0.3844659106817863
05/06/2026,0.40390332495110365,0.41104777870913667,0.4121570271025426,0.4020201173512154
05/07/2024,0.40011484098939926,0.3990285546070062,0.400812481601413,0.39846289752650177
05/07/2025,0.39115524475524477,0.38483636363636364,0.3920385636439849,0.3848013430330162
05/07/2026,0.40755518301201454,0.40475831237775917,0.40775076837105334,0.4037077395920648
05/08/2023,0.3786504297994269,0.37780134728393294,0.3800085959885387,0.37779561416081414
05/08/2024,0.40170469601059916,0.40030624263839815,0.402882378919476,0.39962897526501767
05/08/2025,0.3928467561521253,0.391158041958042,0.39344519015659957,0.3893006993006993
05/08/2026,0.408438111204247,0.40779424098406486,0.41124615814473314,0.4064159910539558
05/09/2022,0.4097363344051447,0.40849196141479105,0.4107180722891566,0.408781979082864
05/09/2023,0.37970217640320736,0.37916296402465244,0.3801145475372279,0.37827432994123544
05/09/2024,0.40191079051965256,0.40191373472692477,0.404401589871927,0.40134255851611955
05/09/2025,0.39042505592841165,0.39328667413213886,0.3955713886560492,0.39035834266517355
05/10/2022,0.409784911717496,0.41063123993558776,0.410577849117175,0.4094589371980676
05/10/2023,0.3773654066437572,0.3799828104856038,0.3800486827033219,0.37716659504369
05/10/2024,0.403193994701207,0.40214306741242273,0.4038828377980571,0.40143361789814547
05/11/2022,0.4097485183405414,0.4095700994546038,0.4102354637193657,0.40819698427975615
05/11/2023,0.3813266475644699,0.3774942726231386,0.3822279495990836,0.3769570200573066
05/11/2026,0.4119362950544845,0.4084800223526125,0.4126348141939089,0.4085854067654459
05/12/2022,0.4136923076923077,0.41037536092396537,0.4141361088871097,0.4102920410783055
05/12/2023,0.38464469914040117,0.3813608365563673,0.38463851109520397,0.38108673835125445
05/12/2025,0.39554221912072574,0.39042505592841165,0.39770121355837634,0.3895704491394991
05/12/2026,0.41728415758591786,0.41203688181056164,0.41768650461022633,0.41137189158982956
05/13/2022,0.409104,0.4132767728509684,0.4132245681381958,0.40935788630904724
05/13/2024,0.4022703180212014,0.40362378569325874,0.40423903444215487,0.40198763250883396
05/13/2025,0.39625,0.396372027972028,0.39869716836378855,0.39387155449839095
05/13/2026,0.4162615255658005,0.41731489242805253,0.41833774926788453,0.41540676544590444
05/14/2024,0.40176332057697967,0.4024911660777385,0.40390344421548424,0.4015341578327444
05/14/2025,0.39310816468946264,0.39625,0.3968423988842399,0.38893182136357274
05/14/2026,0.41724504051411004,0.416303436714166,0.41772098868873064,0.41583344976945646
05/15/2023,0.38317360114777615,0.3846647564469914,0.38477077363896844,0.3827431850789096
05/15/2024,0.39828083603179276,0.40208480565371024,0.4024168383868119,0.3982155477031802
05/15/2025,0.3909368008948546,0.3939328671328671,0.39410041841004184,0.388869297509096
05/15/2026,0.4186361095584126,0.41734842134674494,0.4211422985616534,0.41702502446525935
05/16/2022,0.4090670926517572,0.40933888266367857,0.4109102523155541,0.4086981585268215
05/16/2023,0.38517934002869436,0.3832969870875179,0.38554662840746057,0.3824705882352941
05/16/2024,0.3969649690903739,0.3984309685016191,0.39880482778922577,0.3953135119222844
05/16/2025,0.39125559284116335,0.39011859913492397,0.3913369580370835,0.38803748776052593
05/17/2022,0.4043096568236233,0.40967370441458734,0.40875598086124404,0.40448639999999997
05/17/2023,0.3828493543758967,0.3853027259684361,0.38535053763440863,0.38261019382627426
05/17/2024,0.3980447585394582,0.3974587750294464,0.40047703180212013,0.3967020023557126
05/18/2022,0.4066741071428571,0.40395408163265306,0.40720025510204083,0.40303890306122453
05/18/2023,0.38290674318507895,0.382877223178428,0.384047619047619,0.3813945480631277
05/18/2026,0.416155350656608,0.41852752165409335,0.4208965228320067,0.41601788458851474
05/19/2022,0.4027464114832536,0.40766773162939296,0.4079738770309016,0.4029872204472843
05/19/2023,0.38025824964131993,0.38157608695652173,0.38213386727688786,0.37971305595408894
05/19/2025,0.3885766219239373,0.39125559284116335,0.39081277011013527,0.3879994404029099
05/19/2026,0.42132159821179105,0.41614696842693494,0.4228180421728809,0.41606039424017893
05/20/2022,0.40560191082802544,0.40260869565217394,0.4064863144493953,0.4025657370517928
05/20/2024,0.4005212781622736,0.3988833235120801,0.40134295390958624,0.39877725397760755
05/20/2025,0.39012456263121065,0.3885766219239373,0.38959988847065385,0.3886842105263158
05/20/2026,0.41849119865884327,0.42127409891031015,0.4227202904622259,0.4169316752829398
05/21/2024,0.4013545347467609,0.40089811542991755,0.40306242638398115,0.4001413427561838
05/21/2025,0.38381630374092685,0.3899636261891438,0.3889164691116999,0.3827687569988802
05/21/2026,0.42010893854748604,0.4184269348980162,0.4226947779949735,0.41818080201201624
05/22/2023,0.37724335965541994,0.3788479130931961,0.3791709548313322,0.3770452261306533
05/22/2024,0.40180479905785366,0.40165145716808953,0.4028138337012509,0.40044758539458186
05/22/2025,0.38642158233156276,0.38435280961699747,0.3867968205271231,0.38416678326570586
05/22/2026,0.4247974294495669,0.42049482806821353,0.42479475006981293,0.4201928990774392
05/23/2022,0.401045751633987,0.40465360726230293,0.4051464035646085,0.40139393939393936
05/23/2023,0.37745636623748213,0.3756918238993711,0.3780817610062893,0.3741487839771102
05/23/2024,0.40263250883392226,0.40243816254416964,0.4033068315665489,0.4004740871613663
05/23/2025,0.38201958041958045,0.38642158233156276,0.38700866648029075,0.3813734265734266
05/24/2022,0.4017938505655568,0.4009778627169931,0.4031572246976448,0.4013429027113238
05/24/2023,0.37831563845050215,0.377918992414484,0.378035739814153,0.37712482065997127
05/24/2024,0.40203973509933777,0.4028550404709345,0.4042442972774099,0.40168653421633554
05/25/2022,0.40382971938775514,0.4022775119617225,0.40559630102040817,0.40192982456140347
05/25/2023,0.38197704447632713,0.3785761446820726,0.3822266857962697,0.37792163054399314
05/25/2026,0.42260128527521656,0.4247974294495669,0.4250377200335289,0.42081307627829
05/26/2022,0.40192025518341307,0.4035526525410228,0.40443701226309925,0.4020271348762969
05/26/2023,0.38062158273381297,0.382254127781766,0.38240884295147864,0.3806388489208633
05/26/2025,0.382845960301929,0.3818059826670394,0.3836259435280962,0.380167738328208
05/26/2026,0.42109807208717515,0.4224559932942163,0.4241837732160313,0.41944925915571707
05/27/2022,0.3990406374501992,0.40143016403885967,0.40163245823389027,0.39836044657097286
05/27/2024,0.40027373068432676,0.40235761589403973,0.40284915378955116,0.4005356880058867
05/27/2025,0.3848391608391608,0.382845960301929,0.38512440592675423,0.3816055944055944
05/27/2026,0.41968985750209553,0.4211483654652137,0.42163943583298424,0.4174587643276489
05/28/2024,0.4011837455830389,0.40096878680800946,0.4018345111896349,0.3990783274440518
05/28/2025,0.3842857142857143,0.3846239865809337,0.38538999161308357,0.382827972027972
05/28/2026,0.4180441464096116,0.4196702989661917,0.4219941348973607,0.4174356823266219
05/29/2023,0.3810273381294964,0.3808431654676259,0.38180143884892087,0.3801381294964029
05/29/2024,0.40332057697968793,0.4016107184923439,0.40389755666764793,0.4008068315665489
05/29/2025,0.38339110986860503,0.38428850992451774,0.3874727425216662,0.38271456527816605
05/29/2026,0.42118468846046386,0.418077675328304,0.4219212510471935,0.4173657718120805
05/30/2022,0.39591215133055463,0.40112215453671046,0.4019172811798653,0.39581596665597946
05/30/2023,0.3797870503597122,0.3811737629459149,0.38148914762110103,0.3792368610511159
05/30/2024,0.4046328182487123,0.40384570082449944,0.40686387049300954,0.40314487632508833
05/30/2025,0.38663405088062625,0.38339110986860503,0.38695275370422144,0.38249650545149566
05/31/2022,0.3975232,0.3963432237369687,0.397345471969334,0.39676092544987146
05/31/2023,0.37979867702041986,0.37962904385334295,0.38204427832087406,0.378578417266187
05/31/2024,0.40667549668874176,0.40527090694935214,0.40872700515084626,0.40458480565371024
06/01/2022,0.39836741214057514,0.3969584664536741,0.39858898643256185,0.3965755395683453
06/01/2023,0.3777381294964029,0.3803624334819502,0.3810957722174288,0.3776719424460432
06/01/2026,0.42316745876432765,0.42040234702430845,0.4237510466089869,0.419505033557047
06/02/2022,0.3969024,0.3982215836526181,0.40071519795657723,0.39701440000000005
06/02/2023,0.3750488225157955,0.37789352517985614,0.37750717978173465,0.3737007194244604
06/02/2025,0.3849734414313671,0.38663405088062625,0.3868437237908862,0.38328487559407326
06/02/2026,0.423900530874546,0.42298966191673654,0.42446274072006696,0.42197986577181207
06/03/2022,0.3996101613676306,0.39659370506470687,0.40014059753954306,0.3957405336315705
06/03/2024,0.4033436350257542,0.40727326266195524,0.40729948491537893,0.4037603062426384
06/03/2025,0.3854375174727425,0.38497064579256357,0.3860050321498462,0.3839250768800671
06/03/2026,0.428963107881498,0.42398155909471924,0.42893106335473064,0.42397034135422496
06/04/2024,0.4043976435935199,0.4039163722025913,0.40611896348645465,0.4032135493372607
06/04/2025,0.38088646532438475,0.3854375174727425,0.38547233091112354,0.38076923076923075
06/04/2026,0.42811679240011175,0.4287566359318245,0.43008651967624895,0.42566433566433565
06/05/2023,0.37378735632183907,0.37508902929350946,0.3765134979896611,0.37372701149425286
06/05/2024,0.40279028697571745,0.40471731448763254,0.40561000735835173,0.4026089517078916
06/05/2025,0.37906599552572706,0.3806735606484069,0.38070273284997214,0.3778831096196868
06/05/2026,0.43569712210114553,0.4282453199217659,0.43577464788732395,0.42870295228767313
06/06/2022,0.40046288906624106,0.3999584664536741,0.40086512370311256,0.3991143085531575
06/06/2023,0.3738676258992806,0.3741961461029623,0.374801724137931,0.3728748201438849
06/06/2024,0.4015636042402827,0.40337161366313307,0.40356196644097736,0.4016489988221437
06/06/2025,0.38036353467561523,0.3788541084404695,0.3807489171440548,0.3784923076923077
06/07/2022,0.4007539936102236,0.4008945686900958,0.4026038338658147,0.40033865814696484
06/07/2023,0.37647769784172663,0.37350481391004453,0.3763299324615606,0.3730158273381295
06/07/2024,0.4058278145695364,0.4018286219081272,0.40637821927888157,0.40139870435806835
06/07/2026,0.43575020955574184,0.4359591722595078,0.43575020955574184,0.43575020955574184
06/08/2021,0.3912215610780539,0.3891399544578735,0.3908541484716157,0.38864201857368147
06/08/2022,0.40153674121405747,0.4009105431309904,0.4022108626198083,0.40037380191693295
06/08/2023,0.37274349014530284,0.3765928057553957,0.37656025309174573,0.37299280575539573
06/08/2026,0.4329309863090249,0.4359591722595078,0.4346577256216821,0.43215423302598494
06/09/2021,0.39075656742556913,0.3912215610780539,0.39160804899387575,0.39028070175438595
06/09/2022,0.4035243415802075,0.4023104,0.4045299281723863,0.40106879999999995
06/09/2023,0.3705584340817501,0.3731194244604316,0.37365846640771117,0.370398733266158
06/09/2025,0.3785159306875349,0.38015092230296255,0.3813834544438233,0.37860504201680667
06/10/2021,0.38960420315236427,0.3912539404553415,0.39203502626970227,0.38946760070052544
06/10/2022,0.4087284345047923,0.40395527156549527,0.4101757188498402,0.40355910543130996
06/10/2024,0.40417831396204207,0.4063780918727915,0.4070354568191849,0.4045347467608952
06/10/2025,0.3824804031354983,0.3785159306875349,0.38273896031302407,0.37840336134453784
06/11/2021,0.3917192982456141,0.39037192982456137,0.39096120237679133,0.38921052631578945
06/11/2024,0.40544518027961735,0.40465342163355406,0.40659013980868286,0.40457689477557024
06/11/2025,0.38294298490776973,0.3818222470653997,0.38457518166573507,0.3815266106442577
06/12/2023,0.3693860531991373,0.36901848402349907,0.37053520320549516,0.36936366253959113
06/12/2024,0.40313125367863445,0.40579838116261957,0.4064920541494997,0.4013509933774834
06/12/2025,0.37864487286951665,0.3837226890756303,0.383271863649064,0.37843977591036415
06/13/2022,0.4120191387559809,0.4081116427432217,0.4125482071713147,0.4082617717478053
06/13/2023,0.36491076568796776,0.36915960350524346,0.3694526648470048,0.3647294185377087
06/13/2024,0.40469324702074444,0.40355555555555556,0.4057584228336031,0.40193671817512877
06/13/2025,0.38180167597765363,0.3786728136350936,0.38384078212290507,0.3791790417483889
06/14/2021,0.3912828601472134,0.3909488795518207,0.39135220125786163,0.39103508771929824
06/14/2022,0.41134609250398724,0.41208293460925044,0.41200000000000003,0.4099681020733652
06/14/2023,0.366832709473078,0.36500287852619456,0.36851921139732335,0.36487460363217067
06/14/2024,0.406304028226992,0.4051420161883738,0.40794766245222,0.4046122148638705
06/15/2021,0.39223665730337076,0.3920456140350877,0.39263065591020696,0.39238530497451224
06/15/2022,0.40755860309360553,0.4113921224685058,0.4126040503906873,0.40759687450167437
06/15/2023,0.36546762589928056,0.3667837098863146,0.3700503379836042,0.36562050100777427
06/16/2021,0.39743157894736847,0.39080391471513454,0.3969179755671903,0.39183143107989465
06/16/2022,0.41091866028708135,0.4076466836734694,0.413453443877551,0.40735566188197764
06/16/2023,0.36766061653702103,0.3654775604142693,0.3685155350978136,0.3653356381446269
06/16/2025,0.37962301033230944,0.38184357541899444,0.3822395978776878,0.37820190156599554
06/17/2021,0.39799999999999996,0.39575196506550214,0.3972052401746725,0.39556491228070173
06/17/2022,0.41254313099041534,0.41168370607028754,0.4142715654952077,0.4096773162939297
06/17/2024,0.40548904250625095,0.4067362540429285,0.4070596883269627,0.40529783791734075
06/17/2025,0.3860491757474155,0.3795671600111701,0.3853729262512199,0.3786441151803187
06/18/2021,0.3982245614035088,0.398059649122807,0.3993473684210527,0.39581052631578945
06/18/2024,0.40536312849162015,0.405745369009115,0.4075183769479565,0.40506615701264337
06/18/2025,0.38417922948073707,0.3858335660430048,0.3849192200557103,0.3824137449364436
06/19/2023,0.37059537572254336,0.36755107913669066,0.36965179856115105,0.3690083839259902
06/19/2024,0.40604822111143785,0.40568656277565424,0.40694207586004116,0.4050102910908556
06/19/2025,0.3836449770098927,0.38412618648799557,0.38613285057791397,0.382681189777964
06/20/2022,0.4126325878594249,0.41261980830670925,0.4141405750798722,0.41147284345047924
06/20/2023,0.37232080924855493,0.37088439306358384,0.3729364161849711,0.36952146884487497
06/20/2024,0.40927080270508676,0.4066627445212531,0.4097500735077918,0.40607032514344565
06/20/2025,0.3826612790859691,0.3842534189226905,0.3845202618019774,0.38101647584473614
06/21/2021,0.3955944055944056,0.39832982456140353,0.3984160839160839,0.3968105263157895
06/21/2022,0.4133504,0.41223090416201563,0.4127858395790145,0.411952
06/21/2023,0.37234971098265895,0.37252204075733486,0.3748410404624278,0.37176640647586007
06/21/2024,0.40782416936195237,0.40947956483387243,0.40986180535136724,0.4075036753895913
06/22/2021,0.39697776221327263,0.39558468799160984,0.398046137714086,0.39661403508771925
06/22/2022,0.4145623003194888,0.4122156643802839,0.41595283620140217,0.4126906474820144
06/22/2023,0.3759571387199537,0.37257588898525584,0.3765958676491837,0.3724587315377932
06/23/2021,0.3983342100648781,0.3981492537313433,0.39763576043303656,0.39725021949078143
06/23/2022,0.41527476038338657,0.4142004468560485,0.41706632653061226,0.4144908073541167
06/23/2023,0.3789197799015349,0.37607587604981174,0.3797770055024616,0.37539820445989
06/23/2025,0.38269606475020934,0.38325146525258164,0.3875449101796407,0.3826054174811505
06/24/2021,0.39537762237762236,0.3970744494931842,0.39779563318777295,0.396828797190518
06/24/2022,0.4106052883083785,0.4141892322395668,0.4148837209302325,0.4103568015291494
06/24/2024,0.4078158552728342,0.4083945898265216,0.4096501029109086,0.4072598911604648
06/24/2025,0.3793078425900084,0.3826709461345241,0.38213340760339787,0.37875733035464954
06/25/2021,0.3943047052649991,0.3955512842914555,0.39598462344923985,0.3944210526315789
06/25/2024,0.4088928098808999,0.40775948250514554,0.40947956483387243,0.40707456978967493
06/25/2025,0.3793636617359754,0.37929667876081496,0.38072413312909065,0.3781401843060597
06/26/2023,0.3780359212050985,0.3790153489719085,0.37925571966406024,0.3768308227114716
06/26/2024,0.4096162329069255,0.4092280546978385,0.4103073077488605,0.40807528304661084
06/26/2025,0.3788699776785714,0.3787794343040268,0.37911445279866335,0.37767532830399553
06/27/2022,0.40919675520916177,0.4113191896634232,0.41124006359300475,0.40880766161213083
06/27/2023,0.37635573580533027,0.37723450368443867,0.3780812021384193,0.3753005939446617
06/27/2024,0.4078099720547139,0.410151492866598,0.4105809677893808,0.4069686718635093
06/27/2025,0.3802647345687613,0.37840044586874744,0.38037315510999725,0.3778696077062683
06/28/2021,0.3959495444989488,0.3941059255374934,0.39569606986899564,0.3952912280701754
06/28/2022,0.41069930069930066,0.4092985525687928,0.41099809281627464,0.4076570701447431
06/28/2023,0.37994194484760524,0.3764971751412429,0.38054758800521515,0.37657474600870827
06/28/2024,0.4061567877629063,0.40821003088689517,0.40893660832475365,0.4043653478452714
06/29/2021,0.397059649122807,0.39656842105263157,0.39642270742358077,0.3956666666666667
06/29/2022,0.4139586645468999,0.4109475357710652,0.41424483306836246,0.40996502384737676
06/29/2023,0.38380551523947753,0.38000580467276157,0.38392168237853513,0.3791372549019608
06/30/2021,0.3961731207289294,0.3964273204903678,0.39611538461538465,0.3952906057945566
06/30/2022,0.4093831478537361,0.4139777424483307,0.4147027027027027,0.40933545310015895
06/30/2023,0.38191084652243357,0.38408708272859216,0.38448185776487664,0.3817540293306229
06/30/2025,0.3774386160714286,0.3807449776785714,0.3800055694792537,0.37632909624249195
07/01/2021,0.3980105263157894,0.3962256877518837,0.39677960181627664,0.3965834797891037
07/01/2022,0.41293163751987283,0.40955484896661365,0.41424483306836246,0.4094753577106518
07/01/2024,0.40661764705882353,0.4062588235294118,0.4075205882352941,0.40508529411764704
07/01/2025,0.37849051339285716,0.3769764525567786,0.37865775549986075,0.3765321792545023
07/02/2021,0.39667719298245613,0.3972373949579832,0.39867296918767503,0.3963508771929824
07/02/2024,0.40759594177326863,0.40680094089973534,0.4089444281093796,0.4063725922658432
07/02/2025,0.3782956764295677,0.3784709821428572,0.3797883892524015,0.37780818092977797
07/03/2023,0.37824825986078886,0.3822844702467344,0.3793003167290527,0.3782491289198606
07/03/2024,0.40782237906190266,0.4077418406351073,0.40948250514554546,0.40627554771357155
07/03/2025,0.3803347280334728,0.3783486750348675,0.38138660726715856,0.37762390060030715
07/04/2022,0.4120413354531001,0.4130111287758347,0.41340540540540544,0.4108267090620032
07/04/2023,0.3753915313225058,0.3783816705336427,0.3794489559164733,0.37501160092807423
07/04/2024,0.4058873695044846,0.40805469783855314,0.4081958535509484,0.4056109395677106
07/04/2025,0.38006136680613667,0.38031520223152027,0.38139470013947,0.37884518828451885
07/05/2021,0.39559755030621174,0.39537412587412585,0.3960559440559441,0.3947961504811899
07/05/2022,0.41553968253968254,0.41144444444444445,0.4176412698412698,0.4106920634920635
07/05/2023,0.3789505813953488,0.37552494199535963,0.37891821345707655,0.37628197674418606
07/05/2024,0.40475448397530134,0.4058571008526904,0.4070361658335783,0.4046280505733608
07/06/2021,0.39956063268892794,0.39538380835810455,0.39838196749956317,0.3968471001757469
07/06/2022,0.41547205858939656,0.41664544875875237,0.41725652450668366,0.4148415857347556
07/06/2023,0.38033410807669954,0.378849506101104,0.38195525857059853,0.37768158047646716
07/07/2021,0.4001752848378615,0.3985731814198072,0.40114285714285713,0.3979070990359334
07/07/2022,0.4129917250159134,0.4155835058111766,0.4165308720560153,0.41264129915618536
07/07/2023,0.376967760673831,0.38038053740014527,0.3803221125943122,0.3767325581395349
07/07/2025,0.3834931697797602,0.3796820083682009,0.38420041753653444,0.38
07/08/2021,0.40231228070175434,0.39917832167832173,0.4022703457911282,0.3998421052631579
07/08/2022,0.4119904534606205,0.4133004298678554,0.41485441527446304,0.4114918006686833
07/08/2024,0.4067244927962364,0.40503087327256687,0.4075271978829756,0.40471920023522495
07/08/2025,0.38197658210203517,0.38361304711458044,0.3830702853166319,0.3809517164387385
07/09/2021,0.40144963144963147,0.40175162024873007,0.40284313725490195,0.4014679543459175
07/09/2024,0.4066215818876801,0.4069920611584828,0.4078917965304322,0.40595707144957366
07/09/2025,0.38306941734039585,0.38186150202034275,0.3839025748086291,0.38244766955065584
07/10/2023,0.37773255813953494,0.37742591516560137,0.3798722044728435,0.3773982558139535
07/10/2024,0.4065892384592767,0.4068979711849456,0.40822699206115853,0.40637459570714496
07/10/2025,0.38225721053364914,0.38306941734039585,0.38325678496868476,0.38238905944739043
07/11/2022,0.4171233094669849,0.41202545743834523,0.4182625298329356,0.41197136038186155
07/11/2023,0.3743391304347826,0.377793925301555,0.37717265353418306,0.3749280627815725
07/11/2024,0.4030457151256799,0.4069214936783299,0.40712626782301925,0.4028289957359212
07/11/2025,0.38448843044326736,0.38249790911625314,0.3841419624217119,0.38284916201117314
07/12/2021,0.4015581232492997,0.4009487134605286,0.40254462723136153,0.40069339870425497
07/12/2022,0.41534128878281623,0.4172346857597454,0.41900715990453463,0.41527764518695304
07/12/2023,0.3694173913043478,0.37548902775759335,0.3756209245036951,0.37020781863101293
07/12/2024,0.4039017935901206,0.4034989708909144,0.4058423992943252,0.40268744486915614
07/13/2021,0.4034877192982456,0.40181436077057797,0.4034645669291339,0.40042807017543863
07/13/2022,0.41518854415274464,0.41573587907716786,0.4171296738265712,0.41424025457438346
07/13/2023,0.3674876704380621,0.37004354136429607,0.3711307625398666,0.3676259619573109
07/14/2021,0.401480701754386,0.40355087719298244,0.4039474145486415,0.4012748024582968
07/14/2022,0.41890533015115355,0.41530628480509146,0.42237708830548926,0.41481304693715193
07/14/2023,0.36794604003481285,0.36739924615830677,0.3686546825166715,0.3654830287206266
07/14/2025,0.3854788791300711,0.3844912182882632,0.3851300598136041,0.3842597765363129
07/15/2021,0.40055789473684206,0.4015333333333333,0.4029122807017544,0.39962456140350877
07/15/2022,0.4193285600636436,0.41927764518695304,0.42309626093874303,0.4189657915672235
07/15/2024,0.40698912084680977,0.40433107909438404,0.4075771831814172,0.40411055571890625
07/15/2025,0.3865430722051854,0.3856317991631799,0.3863680623174294,0.3841674808094906
07/16/2021,0.4005298245614035,0.4006175438596491,0.4015017543859649,0.39929473684210526
07/16/2024,0.4065774772125845,0.407324316377536,0.40810643928256396,0.40623346074683914
07/16/2025,0.38696513249651326,0.3862033426183844,0.38809291973848936,0.3862470341939986
07/17/2023,0.36645488830867423,0.3680255146419252,0.3685358074804291,0.3664955033362344
07/17/2024,0.4053249044398706,0.40689209056159953,0.4072184651573067,0.4044251690679212
07/17/2025,0.3880652355729021,0.38621689434067463,0.38863541521769374,0.3866266573621772
07/18/2022,0.4187738246505718,0.41977724741447897,0.4199904701397713,0.41781066030230707
07/18/2023,0.3666521739130435,0.36608342989571263,0.36708659136982336,0.36532267441860466
07/18/2024,0.4070802705086739,0.405665980593943,0.4078359306086445,0.40452219935313144
07/18/2025,0.3878449958182325,0.3880596598829105,0.38799554875504244,0.38704913456169737
07/19/2021,0.4038,0.40087719298245617,0.40547368421052626,0.4006526315789473
07/19/2022,0.4145870393900889,0.4190597204574333,0.4193138500635324,0.4146696315120712
07/19/2023,0.3673354595534938,0.3662787668258793,0.3674800984223477,0.36580748042910993
07/19/2024,0.408347544839753,0.4075301381946486,0.40932372831520136,0.40683622463981184
07/20/2021,0.40262105263157894,0.4041824561403509,0.40458596491228066,0.4022982456140351
07/20/2022,0.41712198221092756,0.4143519695044473,0.4174777636594663,0.413710292249047
07/20/2023,0.3700086956521739,0.3676253986662801,0.37067168500289516,0.3657755871267034
07/21/2021,0.4025604203152364,0.4022661996497373,0.4050577933450088,0.4017793345008756
07/21/2022,0.41491740787801784,0.4173125794155019,0.4183227445997459,0.4150412960609911
07/21/2023,0.37259269988412513,0.37028993911278635,0.37389629200463503,0.3699391127863149
07/21/2025,0.3853957636566332,0.3878477836632283,0.38762832104604256,0.3855248464544947
07/22/2021,0.40236055254415104,0.40198985836684736,0.40325931106836854,0.40107011715334845
07/22/2022,0.4157442081878769,0.4158027048528242,0.4177150111075849,0.4156626889419252
07/22/2024,0.4078182887386063,0.40865333725374886,0.40902675683622464,0.4077036165833578
07/22/2025,0.384829988851728,0.3853957636566332,0.3872658862876254,0.3848479776847978
07/23/2021,0.40361724500525764,0.4021876638126856,0.40370719776380154,0.4025087719298246
07/23/2024,0.4071126139370773,0.40811231990591,0.4084328138782711,0.4063628344604528
07/23/2025,0.3830816383393703,0.38414158305462653,0.38463143254520166,0.38358129797627355
07/24/2023,0.3716835994194485,0.37305015946651204,0.3735632517026518,0.37074466540862244
07/24/2024,0.4064010585122023,0.4075418994413408,0.4083198588857857,0.40539841223169654
07/24/2025,0.38252438005015327,0.3823822791864029,0.3825591098748261,0.38098241696902035
07/25/2022,0.41556893819334384,0.41593462392891145,0.4164722662440571,0.41489368454458897
07/25/2023,0.37044412191582005,0.371215765831039,0.3722090330052113,0.3697503628447025
07/25/2024,0.4064157600705675,0.40686562775654217,0.40838870920317555,0.4055277859453102
07/25/2025,0.38541504178272984,0.38174421844524936,0.3857910863509749,0.38174421844524936
07/26/2021,0.4044,0.4042526315789473,0.40604912280701755,0.40395087719298245
07/26/2022,0.41504831300491046,0.41541653468482737,0.4160912258473234,0.4139870109298273
07/26/2023,0.36888243831640055,0.37002318840579707,0.3718202898550725,0.3681103047895501
07/26/2024,0.4068568068215231,0.4068597471331961,0.40827109673625406,0.40608644516318726
07/27/2021,0.405,0.404459649122807,0.4065438596491228,0.4031087719298245
07/27/2022,0.4133164556962025,0.4150799430109229,0.41660496756842275,0.41347055098163393
07/27/2023,0.3726502177068215,0.3690624092888244,0.37298693759071117,0.36777358490566037
07/28/2021,0.4036035087719298,0.4050666666666667,0.4061484593837535,0.40345444971037386
07/28/2022,0.4054679186228482,0.41321208287205435,0.4099154929577465,0.40995413569508143
07/28/2023,0.3700087209302325,0.3727634252539913,0.37297242380261253,0.3701395348837209
07/28/2025,0.38706963788300836,0.3853732590529248,0.3868224169100264,0.3844509557694991
07/29/2021,0.4002521008403361,0.40366315789473683,0.4024170450576318,0.40016842105263156
07/29/2022,0.4080068889932676,0.4056557120500782,0.40918750000000004,0.40568341944574915
07/29/2024,0.4059306086445163,0.4071802411055572,0.4079359012055278,0.40567186121728904
07/29/2025,0.3867381615598886,0.38716713091922006,0.38834538375973304,0.3868275669642857
07/30/2021,0.4021690534404471,0.39926663174436877,0.4032053072625698,0.39896593886462883
07/30/2024,0.4066490222026172,0.406304028226992,0.40777304130530645,0.40564328775180125
07/30/2025,0.3880724233983287,0.38672980501392756,0.38825476289806704,0.38456815962048274
07/31/2023,0.3714709302325581,0.37015406976744186,0.3719244186046512,0.36913372093023256
07/31/2024,0.4025521905321964,0.4070332255219053,0.4077389003234343,0.40187885915907084
07/31/2025,0.38787465181058495,0.3880724233983287,0.3896573816155989,0.38601392757660163
08/01/2022,0.41046467817896387,0.408107092531705,0.41001251956181534,0.4085054945054945
08/01/2023,0.37222061796130523,0.37159302325581395,0.3728270285879295,0.37060465116279073
08/01/2024,0.40261138067931185,0.4025815936489268,0.403307850632167,0.4002146743126011
08/01/2025,0.38670100222717146,0.38800278551532036,0.39114972890310024,0.38607506627598714
08/02/2021,0.4035719298245614,0.40417543859649124,0.40512631578947367,0.4029859649122807
08/02/2022,0.41122884012539185,0.4126664562953613,0.4108007507037848,0.41213461842313165
08/02/2023,0.37508807392434307,0.3723361247473289,0.37628934449898926,0.37173310225303297
08/02/2024,0.39889150249926497,0.4029373713613643,0.4054101734783887,0.39909144369303146
08/03/2021,0.40296140350877196,0.40363508771929824,0.404880701754386,0.40231228070175434
08/03/2022,0.409974921630094,0.4121905358821686,0.41214844973379267,0.40972244001881764
08/03/2023,0.3751111752815478,0.37524400808547503,0.3766185388391568,0.37382327461738374
08/04/2021,0.4016701754385965,0.4030280701754386,0.403056967572305,0.4003582089552239
08/04/2022,0.4082789968652038,0.4097181334168494,0.41085928940366256,0.40810344827586204
08/04/2023,0.37701069673315984,0.3755395059945111,0.37902671480144406,0.3749118242266551
08/04/2025,0.3857377505567929,0.3867037861915367,0.3868149589879049,0.3851081043381225
08/05/2021,0.40055740578439963,0.3999091861683549,0.4005063733193644,0.40007716590669934
08/05/2022,0.4095738323635792,0.40872470588235293,0.409678431372549,0.4074083398898505
08/05/2024,0.40176418700382244,0.3993942067343038,0.4041164363422523,0.3983178944272901
08/05/2025,0.3860773942093541,0.38574331848552335,0.3875267621298485,0.3855767889524341
08/06/2021,0.4010262697022767,0.39949318420132823,0.4013561691716183,0.3993520140105079
08/06/2024,0.40415172008232875,0.40227580123493095,0.405907086151132,0.40158188768009406
08/06/2025,0.3858094176650878,0.3863137364168292,0.38698734881134433,0.3860566327242293
08/07/2023,0.3779962411450051,0.37707140792136457,0.3784504191962995,0.3755385282636981
08/07/2024,0.40419644169975005,0.4045434494927217,0.4057079841199823,0.4036671077782679
08/07/2025,0.38510993598664073,0.38584842574533296,0.3860439254934668,0.3850684548756636
08/08/2022,0.4091653543307086,0.40997169811320755,0.4111603773584906,0.4090425196850394
08/08/2023,0.3806099147275618,0.37806908512790866,0.3823355976297153,0.377279953750542
08/08/2024,0.4038312261099677,0.4046904866931334,0.40583945898265217,0.403970004411116
08/08/2025,0.38745431719905143,0.3850292234901197,0.3874318308291597,0.38486328124999997
08/09/2021,0.4024175438596492,0.40172830850131463,0.401843301853795,0.40082456140350875
08/09/2022,0.40880751173708924,0.4089039157100173,0.40949311639549435,0.40899905571293677
08/09/2023,0.3795577395577395,0.38069663246133834,0.3822199739846799,0.3785807197571904
08/09/2024,0.4031294326241135,0.4060460992907801,0.40459776864357017,0.40274678111587986
08/10/2021,0.4051669595782074,0.40276334269662917,0.4046590709903593,0.4033726456609752
08/10/2022,0.4060500782472613,0.4093034903740804,0.410660406885759,0.4061637188918454
08/10/2023,0.38082706766917296,0.3795635207399913,0.3815320132967192,0.3783053788316946
08/11/2021,0.4050473850473851,0.404739336492891,0.40563133962924103,0.4058094063766074
08/11/2022,0.4083667083854819,0.4064306969459671,0.408025,0.4061018010963195
08/11/2023,0.3845353374765139,0.38102037866743754,0.3855817314640844,0.38045093221563814
08/11/2025,0.3869949916527546,0.38642181413466886,0.3872782789729355,0.3863645237763213
08/12/2021,0.40734851138353767,0.4034113946172667,0.40738864628820964,0.40405466970387244
08/12/2022,0.4072957746478873,0.4089643304130163,0.4091426783479349,0.4066823161189358
08/12/2024,0.40457514408157236,0.4034249408983452,0.4033881385789783,0.4034063332346848
08/12/2025,0.3850264255910988,0.38694490818030053,0.3867527060782681,0.38578998744944915
08/13/2021,0.406784588441331,0.4074115586690018,0.4097078887528424,0.4064378283712785
08/13/2024,0.40230791962174944,0.40494385342789596,0.4033763945977687,0.403060076945842
08/13/2025,0.3838108484005563,0.3850292072322671,0.38538910505836577,0.3834132738427217
08/14/2023,0.38663774403470713,0.3848445408532176,0.3874822848879248,0.38400289226319595
08/14/2024,0.40070921985815605,0.4027600472813239,0.40085437463300055,0.400500147972773
08/14/2025,0.386463550361714,0.3838136300417246,0.3859753223346735,0.38442119944211994
08/15/2022,0.4094735197625371,0.40710847139731166,0.4099953146962361,0.40788097102584187
08/15/2023,0.3860811786797631,0.3867437490966903,0.38725119167990757,0.3851857204798381
08/15/2024,0.40313829787234046,0.40138888888888885,0.4013711098062243,0.40086120153891686
08/15/2025,0.3861467889908257,0.38626529477196886,0.3858358746881065,0.38631007104053494
08/16/2021,0.40815411558669,0.4068498424921246,0.40846059758867725,0.4068196147110333
08/16/2022,0.41098432601880874,0.4104202468364318,0.41062958912669895,0.4099592476489028
08/16/2023,0.3861848545925713,0.38554289834174477,0.3872719424460432,0.3848290783210731
08/16/2024,0.3986731678486997,0.40341903073286056,0.4010859994129733,0.399215860334369
08/17/2021,0.4118593668007696,0.40792789639481974,0.41215720524017463,0.4082769500438212
08/17/2022,0.4121880877742947,0.40994060643951236,0.41151600312256054,0.4104156862745098
08/17/2023,0.385678905687545,0.38639216815433347,0.38703037282280117,0.3845571078784387
08/18/2021,0.40981786339754817,0.4112609151239958,0.41206216169023924,0.4087180385288967
08/18/2022,0.41567669172932326,0.41107985622753557,0.4151194379391101,0.41178039215686274
08/18/2023,0.38553908161796463,0.3858200143988481,0.38716280408809556,0.383712023038157
08/18/2025,0.38622914349276977,0.3861495690853489,0.386371976647206,0.38452169076751946
08/19/2021,0.41200700525394046,0.40904578818594894,0.41152435830277634,0.41004732690622264
08/19/2022,0.41835865309318715,0.41508365910867867,0.41734331150608045,0.4150940438871474
08/19/2024,0.39351063829787236,0.3989479905437352,0.3966382853787434,0.393545427641314
08/19/2025,0.3874471635150167,0.38623470522803116,0.38664633300984336,0.38648836885360077
08/20/2021,0.4116112084063048,0.41106219426974144,0.4138491093258819,0.41023467600700525
08/20/2024,0.39229905437352247,0.3937204491725768,0.39257193188490896,0.39192660550458713
08/20/2025,0.38830000000000003,0.3874527252502781,0.38817413004297796,0.38768073547847887
08/21/2023,0.3853114659761186,0.38593808495320375,0.3869457631995396,0.3856607580342989
08/21/2024,0.3938416075650118,0.39281619385342786,0.39357017028772756,0.3924889020420243
08/21/2025,0.38976077885952715,0.38830833333333337,0.3892015525367341,0.38889817523331943
08/22/2022,0.42146823529411764,0.41639027431421444,0.41983167082294265,0.4186007843137255
08/22/2023,0.3850028735632184,0.3855675442382391,0.38579885057471264,0.3839107913669065
08/22/2024,0.396362293144208,0.394290780141844,0.3946887844979448,0.3940189405149453
08/22/2025,0.38482068390325275,0.3891020294690019,0.3884328668421782,0.3842757660167131
08/23/2021,0.4095831873905429,0.41113870911317124,0.4118782791185729,0.408907180385289
08/23/2022,0.41980250783699063,0.420243940578577,0.42002182725288434,0.4190392464678179
08/23/2023,0.38131953428201815,0.38573360184119676,0.38588759522782806,0.38167146144994246
08/23/2024,0.3910845153664303,0.39677895981087474,0.394618320610687,0.3916395383249482
08/24/2021,0.4077259985984583,0.40905178446466056,0.4098548189609935,0.40810877192982453
08/24/2022,0.42091051805337515,0.4170423412204234,0.4186830635118306,0.4200156985871272
08/24/2023,0.3819712230215827,0.38186053199137315,0.3825276779295471,0.37924604316546767
08/25/2021,0.4077316517778945,0.4068577420482349,0.4084421935033182,0.4078274592319832
08/25/2022,0.41959748427672955,0.41748443337484437,0.4179389788293898,0.4192955974842767
08/25/2023,0.3808171486117105,0.3822011221406992,0.38285426557329877,0.37974967630556755
08/25/2025,0.38659160411453986,0.38482068390325275,0.38569488707219063,0.3852345816511207
08/26/2021,0.41028040658955484,0.4070816576324532,0.40986536107711136,0.408059649122807
08/26/2022,0.4167111801242236,0.41620265003897117,0.417027950310559,0.41769182389937104
08/26/2024,0.39032049397236107,0.39148345153664305,0.3904726952436876,0.38999999999999996
08/26/2025,0.3878454267445093,0.3865943842090631,0.38902140672782876,0.3857997218358832
08/27/2021,0.40666433199089475,0.40926761055759486,0.4104682040531097,0.40675893482831116
08/27/2024,0.3917760047281324,0.3926270685579196,0.3921139166177334,0.39257176679490974
08/27/2025,0.3862231462231462,0.3878426466499861,0.387760077573071,0.387346314325452
08/28/2023,0.38089771255934396,0.38111638613149185,0.38203711696158826,0.37954251186879584
08/28/2024,0.39490984333431867,0.3922369976359338,0.39342043452730474,0.3927097824478319
08/28/2025,0.38519599666388654,0.38754239644147903,0.3875618571031415,0.38484283727399166
08/29/2022,0.41750542972385973,0.41851574680386655,0.41957803288861306,0.41846897411911443
08/29/2023,0.3791887226697353,0.380957997698504,0.3823762945914845,0.3792088607594937
08/29/2024,0.39398345153664305,0.3953561927283476,0.3932119788608338,0.3928607370134675
08/29/2025,0.38625417130144607,0.3844954128440367,0.38667590411528335,0.3848203842940685
08/30/2021,0.4094742394935818,0.4081214887640449,0.40943548387096773,0.40918471561894704
08/30/2022,0.4188580294802172,0.41761712690040337,0.41983250620347395,0.4173428527083657
08/30/2023,0.38075086306098965,0.3792895153171293,0.38148137494606643,0.3793239355581128
08/30/2024,0.39496453900709216,0.3943055555555555,0.39315032295948327,0.3942104484238567
08/31/2021,0.40664327074925427,0.40921916125636076,0.40969643797157396,0.4053974381470434
08/31/2022,0.41716640746500777,0.4194254658385093,0.41953473945409425,0.41604976671850696
08/31/2023,0.38122554660529345,0.38083716915995397,0.38172036823935557,0.379746835443038
09/01/2021,0.40599789177793394,0.40672047727671523,0.40717067181196287,0.4058101933216169
09/01/2022,0.4214547715262667,0.416243213897937,0.42168114143920593,0.4171384136858476
09/01/2023,0.379042002301496,0.3813176064441887,0.38157940161104714,0.3774108170310702
09/01/2025,0.38738876529477195,0.38625417130144607,0.3881590656284761,0.38617908787541716
09/02/2021,0.4061908102420203,0.4054998246229393,0.40773062083479483,0.40513854787793757
09/02/2022,0.42337480559875584,0.42090584768109196,0.42334367245657567,0.42073117610454264
09/02/2024,0.39523640661938536,0.3952630023640662,0.3964804964539007,0.3948108747044917
09/02/2025,0.3873993893977241,0.3873859844271413,0.38773835920177385,0.38686995265942636
09/03/2021,0.40486846720448966,0.4062539459838653,0.4067765696246931,0.40425815503332163
09/03/2024,0.3957712765957447,0.39546394799054374,0.3949148561362302,0.39538552612105965
09/03/2025,0.3865499026966917,0.38815072302558395,0.38829580205726993,0.3860119627208235
09/04/2023,0.3789441887226698,0.379300920598389,0.3803222094361335,0.37847813578826234
09/04/2024,0.39204351661276093,0.39627955082742317,0.3948796241926013,0.3946019532406037
09/04/2025,0.3875194660734149,0.3863080344731721,0.38809285515707537,0.3860094549499444
09/05/2022,0.42507837963681516,0.42416174183514777,0.4267535692116698,0.4234276827371695
09/05/2023,0.38246043165467625,0.37928941311852704,0.3842577675489068,0.3789381294964029
09/05/2024,0.3939243498817967,0.3945508274231679,0.39315913094539046,0.3940159810594851
09/05/2025,0.38543786488740617,0.38765294771968856,0.38758409785932724,0.3847191323692992
09/06/2021,0.4058365485794458,0.4053840757628902,0.40686425815503335,0.40495615573482985
09/06/2022,0.4283265940902022,0.4254982924557591,0.4287829866501086,0.4243701399688958
09/06/2023,0.3836536248561565,0.38266436483959143,0.3849223245109321,0.3822241404114516
09/06/2024,0.3951713947990544,0.39409278959810873,0.3935819142689372,0.39224622669428827
09/07/2021,0.4085724331926864,0.40593826727464044,0.4086280007008936,0.406475453105754
09/07/2022,0.4268784872907625,0.4271831422373722,0.43107048799380326,0.42847542003733663
09/07/2023,0.3836714141850094,0.3839269275028769,0.38523302646720364,0.38281686088332617
09/08/2021,0.40981556297207095,0.4077039115944571,0.4099719396702911,0.4079936753338019
09/08/2022,0.43072017421060815,0.42581733746130035,0.4296439628482972,0.42756571784103287
09/08/2023,0.38421643401928335,0.3839988492520138,0.38485327963176064,0.3832177291696647
09/08/2025,0.3851209341117598,0.38545176536002224,0.3862269641125121,0.3856327439788389
09/09/2021,0.40989661818818995,0.40873402206268605,0.41044117647058825,0.40871012968804765
09/09/2022,0.42776933808711826,0.42961997828447346,0.4295768097969307,0.4262944004963549
09/09/2024,0.3964716312056738,0.3956176122931442,0.39592777451556077,0.3957235868600178
09/09/2025,0.38622463163747567,0.3854573255490687,0.3851960648468893,0.38483727399165507
09/10/2021,0.4098161442829627,0.4095973389355742,0.41103798354629795,0.408
09/10/2024,0.39692966903073285,0.3968144208037825,0.39529359953024074,0.3965078425569695
09/10/2025,0.3862496524881846,0.38622741173199887,0.3865443425076453,0.3852432582707812
09/11/2023,0.38165562913907286,0.3844476409666283,0.3844764096662831,0.38156636913331415
09/11/2024,0.39370479270802705,0.3972517730496454,0.3950411039342337,0.39556969517608764
09/11/2025,0.3856952539550375,0.3862524325827078,0.3862713038658722,0.3860309063065572
09/12/2022,0.42426851851851854,0.4268006803773001,0.42717173275729053,0.4247610208816705
09/12/2023,0.3814612397526248,0.3818168730204434,0.38224266820011504,0.38111767247587497
09/12/2024,0.3926962658041752,0.3959190307328605,0.39458896065766297,0.3953862089375555
09/12/2025,0.38716787103946637,0.38657770364192384,0.3865650969529086,0.38608102464151467
09/13/2021,0.4112307152875175,0.40965348267413376,0.41186778593913953,0.4105333333333333
09/13/2022,0.43045679012345683,0.4254447022428461,0.4301711114536766,0.4245163287416809
09/13/2023,0.38158780382568674,0.38162519775636417,0.38315834891413775,0.3807450021573422
09/13/2024,0.3924970449172577,0.39518912529550826,0.39300058719906045,0.3920952944658183
09/14/2021,0.41030101505075256,0.4104372158097237,0.410984437838783,0.4085394045534151
09/14/2022,0.4293240740740741,0.4307409126063418,0.4303436584989983,0.4299272558427488
09/14/2023,0.3825956834532374,0.3820509132748454,0.3827778576563623,0.3808606793321819
09/15/2021,0.4086299929922915,0.41101139351446103,0.41080608497989163,0.40869122807017544
09/15/2022,0.4309429892141757,0.42945679012345683,0.4310187750076947,0.42901234567901236
09/15/2023,0.3822356495468278,0.38279464671175706,0.38286248561565017,0.3812579159470351
09/15/2025,0.38507923269391164,0.3871095052807115,0.38648379052369075,0.38544340804677707
09/16/2021,0.41234736842105263,0.40854290718038533,0.41209383753501405,0.40884561403508773
09/16/2022,0.42542857142857143,0.43052518096411524,0.42989554531490015,0.4265844255975328
09/16/2024,0.39031924327519957,0.39303486997635934,0.3907839107457428,0.38984164570075475
09/16/2025,0.38331943286071724,0.38508757297748125,0.3860633861551293,0.38314984709480127
09/17/2021,0.4144953484289977,0.41248289173539215,0.41480273540241974,0.41230337078651685
09/17/2024,0.3896572104018912,0.3904374815252734,0.39050221565731164,0.38912882709658336
09/17/2025,0.3838504309146511,0.382692200943658,0.3831314950810586,0.3819963803424753
09/18/2023,0.3808834532374101,0.38256690647482017,0.38275107913669065,0.38063021582733814
09/18/2024,0.3896868537666174,0.390531914893617,0.3898488184353442,0.38969517608759985
09/18/2025,0.38593828190158463,0.3838532110091743,0.3855369267008452,0.3838618961436726
09/19/2022,0.4261434702636419,0.4257910906298003,0.4281023911710607,0.4251920122887865
09/19/2023,0.382336690647482,0.3810215827338129,0.3823062544931704,0.37996544276457883
09/19/2024,0.39209810874704487,0.3910033988473474,0.39258182885659765,0.3919591595146493
09/19/2025,0.3883296275708727,0.3859438420906311,0.38904947192884937,0.38573811509591327
09/20/2021,0.41544148563419764,0.413060653731865,0.4167808458580916,0.41455087719298245
09/20/2022,0.4258409785932722,0.42543757649938796,0.42649243466299863,0.4261935483870968
09/20/2023,0.3835741007194245,0.3824431654676259,0.3841667864845435,0.38117494600431967
09/20/2024,0.3933943870014771,0.3926388888888889,0.39533234859675037,0.3921874076263671
09/21/2021,0.414987732211707,0.4162629272567923,0.41589223233030087,0.415332748024583
09/21/2022,0.4294039938556068,0.42655336089419693,0.42765515132986853,0.4268716372021522
09/21/2023,0.38532374100719424,0.3836133486766398,0.3868383199079402,0.3833246977547496
09/22/2021,0.413922942206655,0.41521822962313765,0.41473849921287387,0.4138566912539515
09/22/2022,0.42616995447647954,0.4273750191102278,0.42907050796057616,0.4289892473118279
09/22/2023,0.3838935251798561,0.38548776978417265,0.38613237410071943,0.38294676258992805
09/22/2025,0.38672504865165414,0.3883324068927182,0.38884102279043914,0.38658136300417245
09/23/2021,0.4117896581945662,0.4143698510078878,0.4155559446681842,0.4112297962052002
09/23/2022,0.4313626707132018,0.42657874791571926,0.43132384126022416,0.4264358390280941
09/23/2024,0.394095744680851,0.39364844903988183,0.3934918538088948,0.39417875110979583
09/23/2025,0.3859313589814558,0.38675284959688633,0.386561505465615,0.38646829810901
09/24/2021,0.41392280701754386,0.411863277826468,0.4141730903994394,0.41137791820256275
09/24/2024,0.3916016548463357,0.39422576832151296,0.39299177921315326,0.392166321396863
09/24/2025,0.3897281553398058,0.3877725250278087,0.39011644025505965,0.3870607873139519
09/25/2023,0.3850388489208633,0.3844444444444444,0.38603453237410074,0.3828842832469776
09/25/2024,0.3940721040189125,0.3918841436382444,0.3931238990017616,0.3916277005031074
09/25/2025,0.39186318131256953,0.3906201334816463,0.39081395348837206,0.389338900487126
09/26/2022,0.4340485584218513,0.4347147881939134,0.43405413579313473,0.43411836672274046
09/26/2023,0.38933237410071947,0.3854113924050633,0.389807249712313,0.38483741007194244
09/26/2024,0.38791962174940897,0.3946631205673759,0.3950620567375887,0.3881507760532151
09/26/2025,0.39190992493744786,0.3918437152391546,0.39144043171440435,0.39160734149054505
09/27/2021,0.41244397759103646,0.4136546888694128,0.41351984612694526,0.4121397226610497
09/27/2022,0.4296144578313253,0.4341790591805766,0.43135542168674695,0.4306585735963581
09/27/2023,0.3897956834532374,0.3896690647482014,0.3914129496402878,0.3877179856115108
09/27/2024,0.38661347517730493,0.38820921985815604,0.38857017028772756,0.3866498964190589
09/28/2021,0.41581786339754817,0.4107083042568039,0.41460411580048834,0.4120385288966725
09/28/2022,0.4290602409638554,0.4314743686677756,0.4343870192307693,0.432412746585736
09/28/2023,0.38802760207015524,0.3899510932105869,0.39038240368027605,0.38762658227848107
09/29/2021,0.4152912366625852,0.41503231441048033,0.41538945162417046,0.41329951014695593
09/29/2022,0.43007218045112783,0.42762648251013363,0.4326942694269427,0.4284849397590361
09/29/2023,0.38881828637147786,0.38831512363427256,0.3892121909143186,0.38577630822311676
09/29/2025,0.3891161756531406,0.3919127050319711,0.39073407202216065,0.38872115651932165
09/30/2021,0.41479159369527147,0.4160875656742557,0.4155039301310044,0.41338704028021017
09/30/2022,0.4337228915662651,0.4300075154065835,0.43190297948794726,0.4301144578313253
09/30/2024,0.38918735224586287,0.3871158392434988,0.3893286114800059,0.38520029563932007
09/30/2025,0.39047274749721916,0.388438021122846,0.38941730103806227,0.3888162470440951
10/01/2021,0.4130708661417323,0.4146937346867343,0.41611548556430444,0.4127406370318516
10/01/2024,0.39124279592138317,0.389346926713948,0.3893129770992366,0.38933708197691624
10/01/2025,0.3901001112347052,0.39048943270300335,0.39197719688542826,0.38980244852532
10/02/2023,0.3906194180351483,0.3898126801152738,0.3917372515125324,0.3888184438040346
10/02/2024,0.3910841949778434,0.39148640661938533,0.3917488921713441,0.3898401894051495
10/02/2025,0.3909983314794216,0.3900472747497219,0.39035189803269604,0.38933370427041314
10/03/2022,0.4311127819548872,0.42972698791585856,0.43131861575179,0.43121203007518794
10/03/2023,0.39229860210404954,0.3909939498703544,0.39267204146271234,0.39076279740447006
10/03/2024,0.39171734978698397,0.3914534711964549,0.39285777190664906,0.39167308261770806
10/03/2025,0.3900706664819177,0.39094271412680753,0.3905804127995567,0.39080968280467443
10/04/2021,0.41548070175438595,0.4124082488640336,0.4144574523851127,0.41347719298245617
10/04/2022,0.42572330827067667,0.4291701617735171,0.43038046734571594,0.4258977443609022
10/04/2023,0.390077922077922,0.3925781812941346,0.3931748090502954,0.38961327561327563
10/04/2024,0.39764028352037806,0.3944283604135894,0.39681831523334316,0.3938186122207427
10/05/2021,0.4155796847635727,0.41479950971808793,0.41577622377622375,0.4149456712232737
10/05/2022,0.42562537582681903,0.4262874341610233,0.42814670073650984,0.42439428141459745
10/05/2023,0.38803921568627453,0.39034632034632033,0.3905507497116494,0.3881500721500722
10/06/2021,0.4168861646234676,0.41601752848378615,0.41820212951649505,0.415740578439965
10/06/2022,0.4235518796992481,0.426052315093205,0.42609558160504957,0.42034897713598074
10/06/2023,0.3876073796483136,0.38821799307958477,0.3912078408763332,0.3871914648212226
10/06/2025,0.39218515429524603,0.39061996107867664,0.3921546348898434,0.3908205841446453
10/07/2021,0.41704780248642975,0.41707180385288967,0.4174680441253721,0.41616462346760075
10/07/2022,0.42855338345864663,0.4236451127819549,0.42874285714285715,0.4216541353383459
10/07/2024,0.3974442310533314,0.3977761370348494,0.3988336040159457,0.39692284954182677
10/07/2025,0.39378197997775305,0.39240333796940197,0.3925841762505196,0.39174015857560157
10/08/2021,0.4191908931698774,0.41720539310103305,0.419261333800105,0.41708128941836015
10/08/2024,0.39541777384115734,0.3974837566450089,0.39672193690388846,0.39663017751479285
10/08/2025,0.3952481579313221,0.3939098998887653,0.3968538076709283,0.39343441368757825
10/09/2023,0.38815508792159126,0.3875785528970885,0.39059959642548286,0.38748054194292303
10/09/2024,0.39731325656923533,0.3960023619722468,0.3958620689655173,0.3960390474781837
10/09/2025,0.3957969401947149,0.39530589543937705,0.3967463848720801,0.3943059805285118
10/10/2022,0.4290982867448151,0.4276541353383459,0.43004809137360983,0.4276541353383459
10/10/2023,0.38655043227665703,0.38860149942329875,0.38967146974063405,0.38694348327566325
10/10/2024,0.3983318571006791,0.3978358429288456,0.39793983859134263,0.39776923076923076
10/10/2025,0.39742841256602723,0.3952684283727399,0.39615565711120343,0.3947397717784581
10/11/2021,0.4186690017513135,0.4191033274956217,0.41926094570928196,0.4174746059544659
10/11/2022,0.43037282020444984,0.4252886904761905,0.42818154761904764,0.4290529164161154
10/11/2023,0.38548963133640557,0.3869779507133592,0.38695940109415494,0.38548940464177595
10/11/2024,0.3964745663040283,0.39880129908473577,0.39713363649699285,0.3978878864073362
10/12/2021,0.4196600070101647,0.41875328313780424,0.41982170949134767,0.4190639789658195
10/12/2022,0.4214467455621302,0.42613392857142857,0.4244496971487664,0.4236396128071481
10/12/2023,0.3886372803226736,0.3858122119815668,0.3892943548387097,0.38469605301065973
10/13/2021,0.41620350877192985,0.4196601856717464,0.41998949579831935,0.41631865239515703
10/13/2022,0.4222815820543093,0.42319572319572324,0.42585962842819225,0.42352871169294853
10/13/2023,0.38957360991068857,0.3887640449438203,0.39007490636704123,0.38812734082397005
10/13/2025,0.39658048373644705,0.39742841256602723,0.3982207395051432,0.39579371698637755
10/14/2021,0.41499209833187006,0.4164456140350877,0.4173611354476958,0.41552742616033755
10/14/2022,0.4255361890694239,0.42225501770956314,0.4257349468713105,0.420930576070901
10/14/2024,0.40007669616519176,0.3981469460017704,0.40164306784660764,0.3981439952788433
10/14/2025,0.39732202447163517,0.39663886572143453,0.39783843702369404,0.3970688213987183
10/15/2021,0.4142526721570002,0.41503598385114976,0.41517338003502624,0.414849815562972
10/15/2024,0.40201945754716983,0.40070796460176994,0.4009912023460411,0.40045797015807355
10/15/2025,0.39524193548387093,0.39732480533926584,0.3977864293659622,0.3945745272525028
10/16/2023,0.389007215007215,0.39044293752705234,0.39146443514644347,0.388943722943723
10/16/2024,0.4019157088122606,0.40213738207547167,0.4010379709719982,0.4014292041931198
10/16/2025,0.3940100111234705,0.39373944344455214,0.3938887351231663,0.3935856407402254
10/17/2022,0.4220383480825959,0.4256270286220124,0.42538699690402476,0.4222304283604136
10/17/2023,0.39030145680080774,0.3891053391053391,0.39172652531371704,0.38878210678210684
10/17/2024,0.402125348598268,0.4021279104037725,0.40275831745566465,0.4018707583357923
10/17/2025,0.3952571587433973,0.3940100111234705,0.3955189136760427,0.3941561152080145
10/18/2021,0.4152259194395797,0.41447248510339996,0.4162675070028011,0.41487368421052634
10/18/2022,0.4203598820058997,0.42251438689685705,0.4224447065762312,0.41870701107011066
10/18/2023,0.39061165608770915,0.39057856009233877,0.3918390307226309,0.3889004329004329
10/18/2024,0.4029951406273008,0.40389101620029455,0.4027956043956044,0.40363287590379227
10/19/2021,0.4117484232655922,0.41588286866561464,0.4142612644079637,0.4118350877192983
10/19/2022,0.42326843657817115,0.42045427728613566,0.42329013254786446,0.4169439528023599
10/19/2023,0.3916303249097473,0.3911919191919192,0.3925746430116832,0.39065703971119137
10/20/2021,0.41177933450087567,0.4117723292469352,0.4130507880910683,0.41051138353765326
10/20/2022,0.4210185457756844,0.42304200442151807,0.4229761554312629,0.41963416433102224
10/20/2023,0.3895134979067417,0.3919451263537906,0.39260285838025116,0.38965487364620943
10/20/2025,0.39395148995149,0.3952571587433973,0.3945504917578612,0.39422729169564613
10/21/2021,0.4115234102026555,0.4119145209318619,0.4120935917583377,0.4109266071115782
10/21/2022,0.4207128129602356,0.42113335295849275,0.4252546364439211,0.42076877761413845
10/21/2024,0.40583284284873455,0.4032293199882249,0.40496337532962207,0.40275607958732496
10/21/2025,0.3982442960489705,0.3948359288097886,0.3975017329821156,0.39504661193822177
10/22/2021,0.41149047702254066,0.4129255039439088,0.4128965758211041,0.41180350877192984
10/22/2024,0.4053735294117647,0.4060535609181872,0.40518453427065027,0.4056490349196994
10/22/2025,0.3983337969401947,0.3982359488035615,0.39709735493698933,0.39766081871345027
10/23/2023,0.3876158844765343,0.3898772917568933,0.39131225638804673,0.3877833935018051
10/23/2024,0.4055039670878637,0.4058411764705882,0.40737878342638845,0.40515
10/23/2025,0.39968011126564673,0.3983616133518776,0.39900359811790753,0.39776077885952715
10/24/2022,0.42526641153959377,0.42151693667157586,0.4257268981753973,0.42078939617083944
10/24/2023,0.3881241877256318,0.3880693140794224,0.38918856482818365,0.38707003610108304
10/24/2024,0.4047416324133881,0.405689097854834,0.4050966042154567,0.40589656696625903
10/24/2025,0.40038119087367835,0.39967176634214185,0.3986631608081926,0.3989314039237512
10/25/2021,0.4081845186091211,0.41119259647284795,0.41171992317094463,0.4087425569176883
10/25/2022,0.420052987930527,0.42535766853105683,0.42548130703561965,0.4193670886075949
10/25/2023,0.39020196191575307,0.3882570397111913,0.39069532602423546,0.3879335740072202
10/25/2024,0.4076211453744494,0.40523207990599297,0.4094508076358297,0.40456429096252755
10/26/2021,0.4090893169877408,0.4079378383097608,0.4087550200803213,0.4076182136602452
10/26/2022,0.4158139534883721,0.4197206293192178,0.4212909866196147,0.4152045922873123
10/26/2023,0.3902740911713791,0.39033467974610503,0.3925908828620889,0.38998845931909987
10/27/2021,0.4105253940455341,0.40805589519650654,0.41016244541484714,0.4082136602451839
10/27/2022,0.41800882352941177,0.4157916421424367,0.4192676470588235,0.4155267804590936
10/27/2023,0.39091459896133873,0.3905279861511829,0.3919042123485285,0.38885170225043275
10/27/2025,0.3978708600055664,0.4003839732888147,0.398612188365651,0.3980582253795793
10/28/2021,0.40926094570928195,0.4091343804537522,0.410020942408377,0.40843082311733797
10/28/2022,0.4179509040129355,0.4179538438924004,0.4198441863883581,0.41576363369101865
10/28/2024,0.4045930913348946,0.408208516886931,0.4070237050043898,0.40599970618480974
10/28/2025,0.3985467706013363,0.3978430281102143,0.399029799029799,0.3982780718863193
10/29/2021,0.41051031108004193,0.40805308189278855,0.4110633839706652,0.40832517482517483
10/29/2024,0.4061186142102173,0.4062935213750551,0.4069212759730758,0.4050404114621602
10/29/2025,0.39717348927875246,0.39853563474387527,0.3980870529525922,0.3954781154167828
10/30/2023,0.3889104046242775,0.39153202538949794,0.39164743219849973,0.388878612716763
10/30/2024,0.4046594245449207,0.40642982971227243,0.40567749487854843,0.4037848956802821
10/30/2025,0.39826414042908886,0.39721804511278197,0.397581382462945,0.39573340769659787
10/31/2022,0.41874596182085166,0.4178812812224508,0.41987958883994125,0.4167822509550397
10/31/2023,0.3906254513939044,0.38915895953757224,0.39174057489527664,0.3888034682080925
10/31/2024,0.40275234741784033,0.40502348796241927,0.4056367370892019,0.4030974750440399
10/31/2025,0.3983333333333333,0.3983755920869323,0.39725696852031617,0.39687290969899663
11/01/2021,0.41140810621942697,0.4107027972027972,0.41204470054129566,0.4109562171628721
11/01/2022,0.41509815411661294,0.4193446958565971,0.4188661002050981,0.41492138133725204
11/01/2023,0.38953468208092484,0.39108381502890177,0.3929942196531792,0.38963005780346815
11/01/2024,0.40424633431085044,0.4031073943661972,0.4040391927464171,0.4032559506317955
11/02/2021,0.411983918895298,0.41144654088050314,0.41197974860335196,0.4112189141856392
11/02/2022,0.41420821114369505,0.41538326249450386,0.4165274725274726,0.4136962582538518
11/02/2023,0.3854306358381503,0.3898323699421965,0.3899942196531792,0.3839653179190751
11/03/2021,0.4122329078510229,0.4120223737108897,0.41416099179326,0.4126059544658494
11/03/2022,0.41769106645151827,0.41781263744319014,0.41881283892715815,0.41627422196124486
11/03/2023,0.37864833574529666,0.3856445086705202,0.38628142155446404,0.3774848046309696
11/03/2025,0.3983175487465181,0.3984448160535117,0.3976927343316694,0.39738015607580823
11/04/2021,0.41438056963131226,0.41169547756242364,0.4151562772830452,0.4122381786339755
11/04/2022,0.4118843557381861,0.4174292833064634,0.419009233475011,0.41122688582330497
11/04/2024,0.4025219941348973,0.40398826979472136,0.40372623574144484,0.4020505287896592
11/04/2025,0.4026185164528723,0.39832033426183844,0.4022618384401114,0.3987618516452872
11/05/2021,0.4130267529288337,0.4146023422478588,0.4154623317601818,0.4137338003502627
11/05/2024,0.40365875109938437,0.4030615835777126,0.4041526538967685,0.4033064160916165
11/05/2025,0.4016504042375244,0.4020022308979364,0.4041957067187064,0.40147518126045734
11/06/2023,0.3757713458755427,0.3785672937771346,0.38,0.37388422575976843
11/06/2024,0.41042203985932,0.40433304016417476,0.4108070175438597,0.4036147408603729
11/06/2025,0.40438180295841475,0.4016531920825202,0.4048592138277112,0.40209600893106334
11/07/2022,0.40869973583798064,0.41383555620694706,0.41371779859484775,0.4080422659230995
11/07/2023,0.37811304347826086,0.3760665701881331,0.37985536592421176,0.3764057971014492
11/07/2024,0.4044226260257914,0.4109056271981243,0.41032418224299066,0.40535661872615203
11/07/2025,0.4064768285873814,0.40436784817192295,0.40823890594473905,0.40390843104410945
11/08/2021,0.41288111888111884,0.41282669461914745,0.41465408805031445,0.41293520140105083
11/08/2022,0.403589668329909,0.4089903140592897,0.40941901408450704,0.40235760422783323
11/08/2023,0.3790463768115942,0.3777536546533507,0.38072948328267475,0.3763594202898551
11/08/2024,0.4090917081746264,0.4053516998827667,0.4089722627737226,0.4055377842993397
11/09/2021,0.4123163051084675,0.41241487689889994,0.41281648332460275,0.41098423817863394
11/09/2022,0.4020909090909091,0.4025882008490704,0.4038853130485664,0.3982453051643193
11/09/2023,0.38175072463768117,0.3794521739130434,0.38223188405797104,0.3774811594202898
11/10/2021,0.4158035087719298,0.41163464896961227,0.41430317848410764,0.41292280701754386
11/10/2022,0.3960739436619718,0.40267214799588896,0.40602611119260673,0.39630249632892806
11/10/2023,0.3807693420101229,0.3821072463768116,0.38233984092552425,0.3808869565217391
11/10/2025,0.40684166433957,0.4064768285873814,0.40714684533780016,0.40501256632225635
11/11/2021,0.41487368421052634,0.4158421052631579,0.4165964912280702,0.41339298245614037
11/11/2022,0.38581204111600587,0.3950665691294806,0.39522750548646673,0.3856681350954479
11/11/2024,0.40992675065924405,0.4096249633753296,0.4110635804277762,0.4078933489598594
11/11/2025,0.40816429170159263,0.40694886839899413,0.40989946942194916,0.4066936836221353
11/12/2021,0.4124519062609304,0.41301082780300385,0.41351492928234673,0.41201751313485113
11/12/2024,0.41189569293876355,0.4104570758863171,0.4117179973726463,0.41022150506087723
11/12/2025,0.4106651760760201,0.408169879854708,0.41077954735959765,0.40786752375628843
11/13/2023,0.38229531951891027,0.38205797101449274,0.3842821961466029,0.38192229631777325
11/13/2024,0.41127416520210897,0.4124194493263035,0.41202276707530644,0.40941038427691406
11/13/2025,0.4110396869759642,0.4100447177193963,0.41127526132404185,0.4086673192560481
11/14/2022,0.38868761009982383,0.38610095098756403,0.3897761521580102,0.3845498604787781
11/14/2023,0.3781594202898551,0.3823996522243153,0.3854700854700855,0.3777413743113946
11/14/2024,0.4114072338556158,0.41166373755125957,0.41188739789964995,0.4104165444411851
11/14/2025,0.40405299860529986,0.41070749440715887,0.4110801393728223,0.4050083939563514
11/15/2021,0.414507880910683,0.413292469352014,0.41498423817863395,0.41231873905429073
11/15/2022,0.3864386376981797,0.38744002340550027,0.38827434922491955,0.38417914831130695
11/15/2023,0.3781478260869565,0.37828985507246377,0.3791192235260032,0.3761049883990719
11/15/2024,0.40786654960491664,0.41142564402810305,0.41189544392523364,0.4083540964385168
11/16/2021,0.4153859649122807,0.4133985330073349,0.41418092909535453,0.4123859649122807
11/16/2022,0.3912909836065574,0.38524067300658377,0.39183321141185073,0.3861332941867293
11/16/2023,0.3748085846867749,0.3785121809744779,0.37997679814385155,0.3734338747099768
11/17/2021,0.413037088873338,0.4135487251135173,0.4145895913377576,0.4135284837861525
11/17/2022,0.3928749085588881,0.39133616273964583,0.3957167934464599,0.38953301127214174
11/17/2023,0.37506519849319037,0.374953596287703,0.3770095624456679,0.3739704176334107
11/17/2025,0.4090293706293706,0.4050937062937063,0.4080172894590073,0.4052070509233352
11/18/2021,0.41414010507880905,0.41301032009795347,0.4155186286513906,0.4133052631578948
11/18/2022,0.39201463057790786,0.39314695550351286,0.3935449890270666,0.3910567915690866
11/18/2024,0.40693590869183494,0.4085308750365818,0.4100380450687737,0.4062362758014932
11/18/2025,0.4073663642707607,0.4090293706293706,0.4095231455660903,0.40855862165569407
11/19/2021,0.4151425074313691,0.41348829080741,0.41512408248864036,0.4130652211925162
11/19/2024,0.40734932709186655,0.4065303738317757,0.40746172911503137,0.4069695193434935
11/19/2025,0.4108373004760571,0.40867544105292636,0.4113374370453273,0.40820002801512817
11/20/2023,0.37087031700288187,0.37547087800637496,0.37462824207492795,0.37301610329319596
11/20/2024,0.4090169689877121,0.40769748390871857,0.40869096209912537,0.406765309112218
11/20/2025,0.4133249229044014,0.4108120974516942,0.4130442081701175,0.41089150546677883
11/21/2022,0.3983296703296703,0.3927254098360656,0.3987242136064375,0.3930959706959707
11/21/2023,0.3730605187319885,0.3736436131651443,0.3736685878962536,0.3721995070320429
11/21/2024,0.4092278443989471,0.4096021064950263,0.4088895365782571,0.4086773106781895
11/21/2025,0.41203532380151386,0.4133277263807121,0.41263539921831377,0.41180543874404263
11/22/2021,0.41691364512173756,0.41557769620695684,0.4157633920781713,0.41572631578947367
11/22/2022,0.3955695277087294,0.39801229508196717,0.398470983774302,0.3959003663003663
11/22/2023,0.3748991354466859,0.3734956772334294,0.37637752161383287,0.37198847262247836
11/22/2024,0.4100584795321638,0.40964902018133953,0.4107683335763231,0.40930055604331284
11/23/2021,0.41722105263157894,0.4165016617106874,0.4164379256155055,0.4168779631255487
11/23/2022,0.3906062819576333,0.39613819352949786,0.3961028337715454,0.3911462450592885
11/23/2023,0.37469740634005766,0.37486455331412105,0.3756541786743516,0.3733342939481268
11/24/2021,0.41514580059367906,0.4168371278458844,0.4158512310110005,0.4150683012259194
11/24/2022,0.3876376917457999,0.3906764061358656,0.39174579985390795,0.3868867786705624
11/24/2023,0.3761460739030023,0.375153524578348,0.3772387952154489,0.3744296852440081
11/24/2025,0.4137101977837004,0.4120381272778245,0.41316868982838006,0.41205106621773285
11/25/2021,0.4176,0.416760736196319,0.417977212971078,0.416778947368421
11/25/2022,0.3899138056975895,0.38780259891955027,0.3903577164549569,0.38546968590211833
11/25/2024,0.40878947368421054,0.4099707602339181,0.4094345671815797,0.40836501901140687
11/25/2025,0.4113331462250912,0.4139175546831183,0.41231155778894474,0.41079988773505477
11/26/2021,0.4176328671328672,0.41602236980076895,0.4177614807054304,0.4170867659947415
11/26/2024,0.4082573099415205,0.40923391812865495,0.41188596491228074,0.40791806876371617
11/26/2025,0.41297782767330904,0.4113555992141454,0.41204634282523733,0.4088689306763963
11/27/2023,0.37440819861431873,0.3758516166281755,0.37777136258660504,0.37461027713625866
11/27/2024,0.4060175438596491,0.40857309941520464,0.4093245614035088,0.4064853005704256
11/27/2025,0.41040976705023857,0.4129694078024137,0.41190209790209786,0.4099101880437833
11/28/2022,0.39116788321167884,0.3901153453058841,0.3918500145900204,0.3893148283418554
11/28/2023,0.37203757225433526,0.3748296766743649,0.3749740184757506,0.37158959537572256
11/28/2024,0.4075233918128655,0.40702923976608185,0.4087777777777778,0.4064269005847953
11/28/2025,0.41260050604441945,0.40978950322761715,0.41353634577603143,0.41048074219848185
11/29/2021,0.41596157205240175,0.4179657462425725,0.41767068273092367,0.41714285714285715
11/29/2022,0.3869664233576642,0.39157326328079395,0.39162729658792655,0.3864563248612328
11/29/2023,0.3731705202312139,0.37235549132947976,0.3741242774566474,0.3714277456647399
11/29/2024,0.4076790412160187,0.4080643274853801,0.4071759057180271,0.4065603977771278
11/30/2021,0.41274123189670214,0.4159867272092211,0.4158925143953935,0.4137392825896763
11/30/2022,0.380043795620438,0.38671820303383897,0.38781455022598044,0.3799036074193077
11/30/2023,0.37553468208092483,0.3730231213872833,0.37618786127167625,0.3717976878612717
12/01/2021,0.41194609730486526,0.41285863874345546,0.41378359511343804,0.4116947368421052
12/01/2022,0.3805193289569657,0.3795655343344511,0.3814637702288963,0.3782011972550738
12/01/2023,0.3745186043144636,0.375985549132948,0.3782601156069364,0.37468365426379036
12/01/2025,0.41385826771653544,0.4122294068034861,0.412165034965035,0.41192632170978627
12/02/2021,0.41166345985656816,0.4114875021849327,0.41193154034229823,0.411330411919369
12/02/2022,0.3789459854014599,0.3804491105278507,0.3814958448753462,0.37829464155351145
12/02/2024,0.4099153284671533,0.40823219768972074,0.4108096280087527,0.40840503365525316
12/02/2025,0.41341497747747746,0.4138132733408324,0.4143419572553431,0.4128181306306306
12/03/2021,0.41287613715885235,0.41141758433840236,0.4134229828850856,0.4122103418054338
12/03/2024,0.413466822566501,0.41053308018110124,0.42026480430670743,0.40971453667105845
12/03/2025,0.41274774774774775,0.41340371621621624,0.4142454954954955,0.41277856135401975
12/04/2023,0.37908827785817656,0.3746778630374982,0.3801157742402315,0.37477694090382385
12/04/2024,0.41503823529411765,0.4140952937737503,0.4130888985886803,0.4136588235294118
12/04/2025,0.4156228861330327,0.41275337837837833,0.4152336711711712,0.41311706629055006
12/05/2022,0.38116496350364965,0.378987747957993,0.3808975666618097,0.37652212001752083
12/05/2023,0.3796473988439306,0.37935455861070916,0.38113872832369944,0.3785499276410999
12/05/2024,0.41323976608187135,0.41564411764705883,0.4151549707602339,0.41506176470588235
12/05/2025,0.4157433004231312,0.4156313416009019,0.41565229642152723,0.4140479548660084
12/06/2021,0.41292060160895416,0.4140660492748558,0.4142772346368715,0.41356704645048203
12/06/2022,0.38534014598540145,0.3805683474205771,0.385636840571262,0.37998540145985404
12/06/2023,0.38039017341040465,0.37967919075144513,0.3809768786127168,0.37858670520231213
12/06/2024,0.4164152046783626,0.4138070175438597,0.41801491010086245,0.4162437444804239
12/07/2021,0.4107260034904014,0.4129625743266877,0.41284170153417016,0.411528506470794
12/07/2022,0.3833129192184311,0.3857209642074507,0.3862425389430776,0.3845202870953567
12/07/2023,0.38224163027656477,0.38018497109826593,0.3837947976878613,0.38186026200873363
12/08/2021,0.41069019744889046,0.4106245638520586,0.4111994421199442,0.41124059492563425
12/08/2022,0.38407180385288964,0.38342665500145817,0.3861038203557889,0.3837897810218978
12/08/2023,0.3823438861458031,0.38255895196506545,0.38351437699680513,0.3799941733430444
12/08/2025,0.41420800450958284,0.41494787264018035,0.4134829569364567,0.4132261703327693
12/09/2021,0.41194055944055946,0.40949921479671963,0.41157564124934565,0.41000699300699295
12/09/2022,0.38069197080291967,0.38447299270072993,0.3848846715328467,0.37919124087591244
12/09/2024,0.41753873136509795,0.4166520467836257,0.42074247296112244,0.41674418604651164
12/09/2025,0.4143332393572033,0.4141967305524239,0.41505073280721533,0.41344428772919606
12/10/2021,0.41259958071278824,0.411478959315523,0.4130714160991793,0.41132867132867135
12/10/2024,0.4193859649122807,0.41812335574393455,0.41998538439052907,0.4169172272594326
12/10/2025,0.41416126303918804,0.4142740343952636,0.4150845546786922,0.41289985895627646
12/11/2023,0.38130069524913096,0.3831441048034934,0.3828273464658169,0.38263173216885005
12/11/2024,0.41736626717334113,0.41967836257309943,0.420207541654487,0.4174619883040936
12/11/2025,0.4150267983074753,0.4141697208908937,0.4156003382187148,0.4129280677009873
12/12/2022,0.3806703584960653,0.3800495482366657,0.38302244243660744,0.3798484406878461
12/12/2023,0.3816302765647744,0.3833275109170306,0.38406986899563317,0.380509461426492
12/12/2024,0.41832456140350877,0.4179508915521777,0.4195732242034493,0.41745029239766085
12/12/2025,0.4157018038331455,0.41467869222096954,0.4170518602029312,0.4145021156558533
12/13/2021,0.41300453119553854,0.41263801537386446,0.41344022307424194,0.41126135569531796
12/13/2022,0.37638832116788323,0.38162627737226273,0.38210357403355216,0.376563915266618
12/13/2023,0.3759668989547038,0.3802085747392816,0.38227108346593375,0.37682678311499274
12/13/2024,0.41930701754385963,0.4184444444444444,0.42029532163742694,0.418093567251462
12/14/2021,0.41339030345308686,0.41314624368136654,0.4132288401253919,0.41256593886462883
12/14/2022,0.37767346938775515,0.37547532391905664,0.37897876054698865,0.3762832116788321
12/14/2023,0.37428115015974445,0.37908853410740206,0.3792859216255443,0.3745087209302325
12/15/2021,0.41418531468531466,0.41290367531788885,0.41463856470998084,0.4139615384615385
12/15/2022,0.38496642335766423,0.3771017023134003,0.3842892477811727,0.37769635036496346
12/15/2023,0.3780232558139535,0.37498546511627906,0.37929941860465116,0.37440988372093026
12/15/2025,0.4139712514092446,0.4155918827508455,0.4165445321307779,0.4126911142454161
12/16/2021,0.4145692818451861,0.41361130495464066,0.4140926506443747,0.4138809106830123
12/16/2022,0.3821596381146943,0.3841927500363954,0.38434997816276023,0.38094306569343067
12/16/2024,0.4199970768781058,0.4190350877192982,0.4210669394913768,0.41781743709771796
12/16/2025,0.41552327221438645,0.4139515219842165,0.416370808678501,0.41406205923836387
12/17/2021,0.4151345683327508,0.4145317959468903,0.41531446540880507,0.4133204903677758
12/17/2024,0.42028947368421055,0.4202776965799474,0.4211867874890383,0.4194470450555881
12/17/2025,0.4157086503240349,0.4149394195548041,0.41770921386306004,0.4151255289139633
12/18/2023,0.37852701917489834,0.37818762706941617,0.3791344757478943,0.3766008134805346
12/18/2024,0.4246419175679626,0.42083040935672517,0.4258520900321543,0.4193771929824561
12/18/2025,0.41541666666666666,0.4156015779092702,0.4166019144144144,0.4152299012693935
12/19/2022,0.37872235157159484,0.3817083818393481,0.38171711292200233,0.377430151338766
12/19/2023,0.37791309402703094,0.37927283304246656,0.3807582800697269,0.37804537521815007
12/19/2024,0.42237426900584796,0.42522069570301085,0.42528500438468286,0.42183918128654974
12/19/2025,0.4154617117117117,0.4154335585585585,0.41684403153153154,0.4156699576868829
12/20/2021,0.41591958041958044,0.41491182119783476,0.4154197143852317,0.4160525854513584
12/20/2022,0.3736059371362049,0.3788271245634459,0.37993306169965074,0.3729685681024447
12/20/2023,0.37825253991291724,0.37870160116448326,0.37885921625544267,0.37760116448326053
12/20/2024,0.42238888888888887,0.4227923976608187,0.4250555555555556,0.4219122807017544
12/21/2021,0.41551910661315655,0.41556137593853676,0.41582027168234065,0.41609798775153106
12/21/2022,0.3718633720930233,0.3737077997671711,0.3747559558396282,0.37260844250363906
12/21/2023,0.3769606986899563,0.3794206695778748,0.38074818049490533,0.3772663755458516
12/22/2021,0.41615734265734267,0.41514559721011335,0.4160348735832607,0.4159090909090909
12/22/2022,0.3760232896652111,0.3719843114468332,0.37551133062173153,0.37041048034934493
12/22/2023,0.37694319337498183,0.3772945454545455,0.378884207467674,0.37695999999999996
12/22/2025,0.4164199268224036,0.4154391891891892,0.416376404494382,0.416136491821771
12/23/2021,0.413804537521815,0.41471111886891254,0.41547801814375435,0.41429720279720283
12/23/2022,0.3726121141525917,0.3761106259097526,0.3755287623474724,0.3721753057658707
12/23/2024,0.4242268342589886,0.4228216374269006,0.4255334697456884,0.42266374269005846
12/23/2025,0.41622047244094484,0.41609344216155364,0.4175224971878515,0.4168885754583921
12/24/2021,0.4146818181818182,0.4136193964765394,0.41458224315367176,0.4142272727272727
12/24/2024,0.4264630225080386,0.4248114586378252,0.42722595732242036,0.42384098216895644
12/24/2025,0.4066572954737138,0.4161051743532059,0.4168653359572673,0.4059955005624297
12/25/2023,0.3764143542060148,0.3773703327037629,0.3775824495132936,0.3766148481766671
12/25/2024,0.42575855013154046,0.4270476468868752,0.4270476468868752,0.425463314820228
12/25/2025,0.40655608658982284,0.40669946584200173,0.40727579420860277,0.4060669103176835
12/26/2022,0.37086171761280934,0.3726849155503786,0.3730578993308118,0.37118006993006997
12/26/2023,0.376707423580786,0.37740611353711795,0.37850072780203786,0.3760756914119359
12/26/2024,0.42872004675628284,0.42583576855639976,0.4299444769140853,0.42610209156062606
12/26/2025,0.40527395335768474,0.40667416362102893,0.4086822141050857,0.4018864211414113
12/27/2021,0.4138254799301919,0.4142009769713887,0.41437336587066415,0.41398078602620086
12/27/2022,0.3713255474452555,0.3700217675228559,0.37023073574227255,0.3692992700729927
12/27/2023,0.37679393762751384,0.37698689956331877,0.3767136423071335,0.37714452554744526
12/27/2024,0.4301782062518259,0.4291057860900059,0.43452234881682733,0.4284628872004676
12/28/2021,0.4146910994764398,0.4136621927836848,0.41463831270698975,0.41444755244755244
12/28/2022,0.3706719022687609,0.36962521789657177,0.3699927546732358,0.36972538708735025
12/28/2023,0.3764175182481752,0.37806715328467155,0.3759837492745212,0.3752204379562044
12/29/2021,0.4130033118354541,0.4143469921534438,0.4141428571428571,0.41364541484716155
12/29/2022,0.3666327420761849,0.37017859735733993,0.3703557427036445,0.3662565445026178
12/29/2023,0.376169718105202,0.3760349854227405,0.3778380731282647,0.37483795620437954
12/29/2025,0.40339983141331837,0.40543692048328184,0.40498737019365705,0.4018560179977503
12/30/2021,0.41556953179594686,0.41303468711870317,0.414740508533612,0.41427320490367775
12/30/2022,0.3661207897793264,0.3662137049941928,0.36740418118466894,0.3638966318234611
12/30/2024,0.42941692240245505,0.42976920829681564,0.43151621384750216,0.428650782049408
12/30/2025,0.40404494382022477,0.40343073897162124,0.40704363687385997,0.4031627906976744
12/31/2021,0.4153706293706294,0.4158700209643606,0.41567341242149336,0.4152825896762905
12/31/2024,0.43142857142857144,0.4300555068653228,0.43227870289219983,0.4294011101373064
12/31/2025,0.4046685393258427,0.4062692036645525,0.40671910112359555,0.4058589562764457
