Date,Price,Open,High,Low
01/01/2024,0.31626894865525673,0.31727517765253616,0.3165770171149144,0.31721146777750553
01/01/2025,0.36671964241370747,0.36671964241370747,0.36671964241370747,0.36671964241370747
01/01/2026,0.35987029184335245,0.3593165377899726,0.3598727862309803,0.35927413320029933
01/02/2023,0.3080169902912621,0.3062985436893204,0.3094320388349514,0.30642926592124453
01/02/2024,0.32124448799608035,0.31698529411764703,0.3207146341463415,0.3164093137254902
01/02/2025,0.3645262896825397,0.3666029302210082,0.3662450144145082,0.3635363069225017
01/02/2026,0.3594517817094443,0.3590807174887892,0.3604179104477612,0.3590642545227698
01/03/2022,0.29276073619631904,0.2920471281296023,0.29249087390058065,0.29217831599199895
01/03/2023,0.31061194754735305,0.3082354368932039,0.31090269352099004,0.3071046878795239
01/03/2024,0.32048458149779735,0.3211538461538462,0.32015666738159765,0.31970835120397034
01/03/2025,0.3640887676667493,0.3646031746031746,0.3640499135161848,0.3634057341442224
01/04/2022,0.29407907662082516,0.29319509202453986,0.2935853693160958,0.2930589680589681
01/04/2023,0.3086401165614376,0.31073093734822727,0.31090876429805997,0.30865620819652195
01/04/2024,0.3208111409723919,0.32070729319628,0.32061647173489277,0.3196670339086792
01/05/2022,0.29403680981595093,0.29387484662576685,0.2933844397564297,0.2936751943657268
01/05/2023,0.3094366197183099,0.30873967945604663,0.3105462490895849,0.30769025289343704
01/05/2024,0.32083984375,0.3211678475445883,0.3221946169772257,0.3198605248669481
01/05/2026,0.35997757847533635,0.35983790523690773,0.3602111538939262,0.35993761696818466
01/06/2022,0.2956932515337423,0.294638036809816,0.2956639095110845,0.2939739273708585
01/06/2023,0.304247572815534,0.30951432734337053,0.3084605151771677,0.3041066938745764
01/06/2025,0.36201189296333003,0.3642325812050583,0.3652278355621595,0.36100235702766403
01/06/2026,0.36039352428393523,0.3599227703039362,0.3601739130434783,0.3597804938887503
01/07/2022,0.29389693251533744,0.29571288343558283,0.2951133432211894,0.29400339351793875
01/07/2025,0.3600371655104063,0.36252725470763136,0.36277722772277227,0.35805468713198746
01/07/2026,0.3599726674121009,0.36014193227091634,0.36037267080745344,0.35981324701195216
01/08/2024,0.31955420219244823,0.321658309893604,0.3217873013940464,0.3210844553243574
01/08/2025,0.3610992820004952,0.36053270564915757,0.3622916769694872,0.3590903457677531
01/08/2026,0.361538844621514,0.3604307768924303,0.36143105590062113,0.3609826084786786
01/09/2023,0.3009422049538611,0.30449029126213595,0.3044649356952196,0.2998639786252125
01/09/2024,0.32244259892525645,0.32027581156944107,0.3219116035553391,0.3198875717951851
01/09/2025,0.36056655121227116,0.3607770353872804,0.3623482582144535,0.3601783060921248
01/09/2026,0.3624975124378109,0.36133715139442235,0.3622552664188352,0.36122758964143425
01/10/2022,0.2939975460122699,0.294760147601476,0.29450713716841265,0.2942091020910209
01/10/2023,0.3013845032790867,0.30104176784847014,0.30318523913571255,0.3001481661403935
01/10/2024,0.3225556370750795,0.32256717147044456,0.32242143727162,0.3219589141599413
01/10/2025,0.3644433448787729,0.36106135576447307,0.3649907258563126,0.36041078940856225
01/11/2022,0.2924916408881388,0.2940220858895706,0.29345875393877663,0.2928066758841544
01/11/2023,0.3019441069258809,0.30148651931017734,0.3036619718309859,0.3008748481166464
01/11/2024,0.32138096018511947,0.322288854961832,0.3218610362588259,0.3213467189030363
01/12/2022,0.2910824742268041,0.292159509202454,0.2921366470880597,0.2910076685647776
01/12/2023,0.3010495626822157,0.3019222357229648,0.30299417192812045,0.30010935601458083
01/12/2024,0.3216374555465206,0.32189030362389814,0.3214490455571141,0.32033570203381523
01/12/2026,0.364907960199005,0.36330845771144277,0.3643568773234201,0.36260209163346613
01/13/2022,0.29099852796859665,0.29110456553755526,0.2911933556183102,0.2915995567048393
01/13/2023,0.3006707168894289,0.30114431486880466,0.3026025734401554,0.29982746051032805
01/13/2025,0.3627396581620015,0.3644111825828798,0.36381845091267884,0.3628932375526381
01/13/2026,0.3669477611940299,0.364544099378882,0.3666542750929368,0.3646791044776119
01/14/2022,0.29211340206185565,0.29130338733431516,0.29254661432777235,0.29103338242513505
01/14/2025,0.36120427848816183,0.36323507555115186,0.36369600198044316,0.3612692117005453
01/14/2026,0.3634658385093168,0.36682835820895526,0.3674903762572954,0.36341542288557216
01/15/2024,0.32348529411764704,0.322086039955877,0.32417248560578216,0.3219806348817257
01/15/2025,0.3611798797672819,0.36196331184928116,0.3621376878827241,0.36075776397515524
01/15/2026,0.36559313603581195,0.3642278040288485,0.366294088425236,0.3651520822416848
01/16/2023,0.3018011667476908,0.3011074601436047,0.302,0.30000243605359317
01/16/2024,0.32765181194906956,0.32367156862745095,0.3274448889475047,0.3235808823529412
01/16/2025,0.36149739259995034,0.36185341614906835,0.36210682860329657,0.36047749316090527
01/16/2026,0.36637991049229235,0.36560805769709026,0.3663969219312399,0.36531957224571004
01/17/2022,0.292093765341188,0.2922312223858616,0.29253552180303777,0.2919710358370152
01/17/2023,0.3006171039844509,0.30189110354885756,0.3016361208884573,0.30038162372386973
01/17/2024,0.3283597040743528,0.3278672869735553,0.3299635249596282,0.32762313158539574
01/17/2025,0.3608500619578686,0.36199404022845794,0.3617506499938096,0.3607828031809145
01/18/2022,0.2926961549410529,0.29233676975945017,0.2919397220762396,0.29145920067634323
01/18/2023,0.3007021379980564,0.30062196307094263,0.3026299824797255,0.29782746051032805
01/18/2024,0.3283684985279686,0.32967409948542026,0.33006370987503064,0.3276864573110893
01/19/2022,0.29145549902613493,0.2929118585808986,0.2927905282956867,0.2915626535626536
01/19/2023,0.2992980325479718,0.30080417881438287,0.3013855804543889,0.29933062407031125
01/19/2024,0.32719823356231603,0.32869234543670267,0.32770924636093285,0.32685560053981105
01/19/2026,0.3664196916956738,0.36639761579535574,0.36713416904555046,0.3656801790599354
01/20/2022,0.29283398821218076,0.2918000982318271,0.2926599679855666,0.29194823973795264
01/20/2023,0.29841185041282176,0.29940004857906244,0.30073822243807674,0.2988648517258143
01/20/2025,0.35658227848101265,0.36115241635687734,0.36139373684861986,0.35634648796227353
01/20/2026,0.368006958250497,0.3663451019393337,0.36781971691085175,0.36610392839383393
01/21/2022,0.293,0.29285117878192535,0.2926383117312444,0.29247374189648145
01/21/2025,0.35533631173988584,0.3572970960536113,0.3581221550713756,0.35539473684210526
01/21/2026,0.36400496894409934,0.367589463220676,0.36572451246605775,0.36388764603529705
01/22/2024,0.3285206084396467,0.32722031403336604,0.32776355267144236,0.32680422500614104
01/22/2025,0.3561586721728081,0.355740878629933,0.35696269713526096,0.3549639930469332
01/22/2026,0.36330769230769233,0.36409937888198757,0.3651563275434243,0.36348117778606037
01/23/2023,0.29889914945321994,0.2988462472674277,0.299061931887044,0.2976852695658514
01/23/2024,0.32803825404610104,0.3286432777232581,0.3278622037625214,0.326719018404908
01/23/2025,0.3564363817097415,0.35687111994040227,0.35777860511293125,0.3559493041749503
01/23/2026,0.3594333996023857,0.3638782608695652,0.3646111869031378,0.3588146123260437
01/24/2022,0.2938289506021135,0.29319410319410316,0.2934849717270509,0.293195352107828
01/24/2023,0.299796174501868,0.29899878493317134,0.3006501186339009,0.29896242595273137
01/24/2024,0.3263720942768863,0.3283717508582638,0.32769512641993404,0.3258793230316409
01/24/2025,0.3548658051689861,0.3568190854870775,0.3574040491864365,0.35462975165921096
01/25/2022,0.2940518618655524,0.2937813267813268,0.2943024624742471,0.29394461838134567
01/25/2023,0.29992091783971875,0.29992216005837996,0.3007848378082858,0.2993782622978744
01/25/2024,0.3274369027199216,0.32689629811228244,0.32771603427172585,0.32666584947291005
01/26/2022,0.29432751413818536,0.29408800393313667,0.2940190859357751,0.2938341284349497
01/26/2023,0.3002291006580551,0.299992700729927,0.3003986872493011,0.29958810626370946
01/26/2024,0.3275545209507474,0.3276917422200441,0.3274871669518455,0.32675240747641554
01/26/2026,0.35957721959711514,0.36056373160389127,0.3596651162790698,0.35786490198526655
01/27/2022,0.29605755041810133,0.2952421932628473,0.29579413460241144,0.2953146799804133
01/27/2023,0.2992868443470853,0.3003314647818669,0.30086374695863743,0.2993219512195122
01/27/2025,0.35633921909972643,0.3556194029850746,0.3572219463753724,0.3555223880597015
01/27/2026,0.35620646766169156,0.35953251274400094,0.36064011909192406,0.35633943013562275
01/28/2022,0.29748155435317264,0.2960698475159862,0.29826281389748877,0.29630131084989847
01/28/2025,0.35954477611940294,0.35705297189753793,0.36028560784800695,0.3566691542288557
01/28/2026,0.3556389855793138,0.3576542288557214,0.35704466501240695,0.35330928091565067
01/29/2024,0.32657221186426144,0.32768797452853293,0.32767800342549547,0.32636388370742037
01/29/2025,0.3586218905472637,0.36004228855721393,0.35936787307882995,0.3580348258706468
01/29/2026,0.35605570753543897,0.3556389855793138,0.35734045194934194,0.3540686396418801
01/30/2023,0.29999025578562727,0.2998659354052407,0.2999634965443395,0.2991364800585437
01/30/2024,0.3248239608801956,0.326785101690762,0.32599181379436737,0.3251649525975745
01/30/2025,0.3590970149253731,0.35911442786069653,0.3593066600397614,0.35814630505100775
01/30/2026,0.3608057697090276,0.3556576822754937,0.360643358380426,0.3556791044776119
01/31/2022,0.29626906050172164,0.29773812453851833,0.29795324797830425,0.29645959965238544
01/31/2023,0.3000729927007299,0.30009257003654083,0.3014523780561975,0.29914896416293696
01/31/2024,0.32646022031823746,0.3260102865540044,0.3266161144850567,0.3254344895207746
01/31/2025,0.3619343610144207,0.3592370775347912,0.3622127828700599,0.358652411735455
02/01/2022,0.29569847515986225,0.29629857353664535,0.2970272928448488,0.2965498519249753
02/01/2023,0.2973917274939173,0.30017518248175185,0.30022378983215764,0.29710286062081553
02/01/2024,0.3252447381302007,0.3266731946144431,0.3260834553440703,0.32551132884262096
02/02/2022,0.29492500614703715,0.29573782587309394,0.2955824968709353,0.29502617221241945
02/02/2023,0.298,0.2973868613138686,0.29835056562461987,0.2974507645259939
02/02/2024,0.32756121449559256,0.32543808125305923,0.32777832150721803,0.32417382764547015
02/02/2026,0.3612692498758073,0.3594897200891751,0.36287094377012635,0.3602437204675454
02/03/2022,0.29507837792625685,0.29514629948364884,0.2962160490949288,0.29502556011981385
02/03/2023,0.303666017526777,0.2980997566909976,0.3027506053268765,0.2981466912507946
02/03/2025,0.362738124844566,0.3610958904109589,0.3621282870484148,0.36280845771144277
02/03/2026,0.3601787931462627,0.3612667660208644,0.35877405032067095,0.3595578316262803
02/04/2022,0.29462748955003687,0.2952176051143349,0.2955255070682237,0.2944182041820418
02/04/2025,0.3613258706467662,0.3649537846615039,0.36498620329629355,0.36187859105670744
02/04/2026,0.36280893300248135,0.35995281847529176,0.3622370865849127,0.36009205125015553
02/05/2024,0.3266674834599363,0.3262592999146237,0.3267520429320649,0.3259764763538348
02/05/2025,0.359412496888225,0.36157462686567166,0.3624816610717394,0.35895693303460297
02/05/2026,0.3653699106256207,0.3628064516129032,0.36460738171909834,0.36238390861683634
02/06/2023,0.3073780487804878,0.30363924050632907,0.30619186046511626,0.30339512195121954
02/06/2024,0.3251335456995834,0.3268659642244548,0.32622226132089993,0.32476730564691236
02/06/2025,0.35985810306198657,0.35979586756285786,0.3610919787452539,0.35941967621419674
02/06/2026,0.3633465739821251,0.365409632571996,0.3657457879088206,0.36300893743793444
02/07/2022,0.2943482441708044,0.29488440727988197,0.29460792610089503,0.29457940612484523
02/07/2023,0.30633813125152476,0.3076756097560976,0.3078033345503225,0.30550378141010004
02/07/2024,0.32556127450980393,0.3252315608919382,0.3250984858112005,0.3240914126609084
02/07/2025,0.3619393879024828,0.3600896191187453,0.36273751011012256,0.3592427450491967
02/08/2022,0.2940157286802654,0.29422812192723696,0.29452407708199413,0.29438357647707364
02/08/2023,0.30735430382833456,0.30636984630397657,0.3077237951366893,0.3053312187385629
02/08/2024,0.32637656288305955,0.32565931372549023,0.32647577092511015,0.32492153016184405
02/09/2022,0.2934504792332268,0.29410029498525075,0.29377115941317894,0.29359606638710056
02/09/2023,0.3084752378628934,0.307454279444038,0.30864140367978554,0.306154765826105
02/09/2024,0.32615743011280035,0.3266879137043393,0.3270801667075264,0.3261238503985285
02/09/2026,0.3615676547190872,0.36372889771598804,0.36424693194496094,0.3609438648782911
02/10/2022,0.2948709756696977,0.29347997050872454,0.29492753623188406,0.2933677482792527
02/10/2023,0.30958720078163166,0.3085801414979263,0.3092704908050177,0.3077201238269062
02/10/2025,0.3614627460752554,0.3623002240477968,0.36132672039677616,0.36107899327186643
02/10/2026,0.36178837555886734,0.36202333664349556,0.3628295102293862,0.36093190854870777
02/11/2022,0.2948574237954769,0.2949397886458589,0.29474213404615346,0.2935757921697048
02/11/2025,0.361900723372412,0.36171193620732617,0.3627397260273973,0.36156647543028186
02/11/2026,0.35928447204968944,0.3612171541893902,0.3623748140803173,0.358740980343369
02/12/2024,0.32597154072620216,0.32653997057381073,0.32580298215595205,0.32600711918497605
02/12/2025,0.36178054862842896,0.3623996008979795,0.3634285714285714,0.36185767790262174
02/12/2026,0.358070611636002,0.35947826086956525,0.36015876953609527,0.35660941000746826
02/13/2023,0.3114484952287742,0.30918080820412647,0.312109689213894,0.30982686397713705
02/13/2024,0.32909425625920474,0.3261285574092247,0.3285186995844537,0.3256578301423662
02/13/2025,0.3598325,0.36248189762796507,0.36320213508929466,0.3600375
02/13/2026,0.35852663016426084,0.3585636046801095,0.36014163250093184,0.35845598306562076
02/14/2022,0.2943988197688714,0.2943585970076036,0.2940187900390745,0.2937118847125563
02/14/2023,0.31143661282427804,0.31155126009297773,0.31086654478976233,0.30917289547849525
02/14/2024,0.326358282208589,0.3292120765832106,0.32811984102720876,0.32646048109965636
02/14/2025,0.35900486344930793,0.36006243756243755,0.36058153649059227,0.35927481870467615
02/15/2022,0.29426112613720184,0.29443078436193754,0.29449568288854,0.29419090609263243
02/15/2023,0.3144390004899559,0.31145129711209,0.31439268292682926,0.3117745098039216
02/15/2024,0.32594455348380763,0.32689570552147235,0.3263969689562454,0.32604000490857776
02/16/2022,0.2942045733956233,0.2942881731005655,0.2945537139349294,0.2939569155699624
02/16/2023,0.3159015188633023,0.31454434100930917,0.3166381937672456,0.31342892156862745
02/16/2024,0.32645659637076996,0.32618253189401375,0.3269008435157325,0.32600981595092027
02/16/2026,0.35937795471510325,0.35855151816824293,0.35963921373475993,0.3579044300647088
02/17/2022,0.2947209245143841,0.2942439144332432,0.2945124794463396,0.29394581478391624
02/17/2023,0.3178356556140656,0.31600685938265555,0.31935586578496206,0.31633251317929484
02/17/2025,0.3591527535509594,0.3597877652933833,0.3602566658360329,0.35992245153220764
02/17/2026,0.3596240975852626,0.3588877830306046,0.36008450879264275,0.3586180278884462
02/18/2022,0.2939734447996066,0.29475288910745023,0.29381435723593324,0.2935069024989728
02/18/2025,0.35888104223492634,0.35940443558435087,0.3604028683830487,0.3584494578087997
02/18/2026,0.3590938511326861,0.35997759522031364,0.35982617333002237,0.35877708592777086
02/19/2024,0.3270524767042668,0.32672345119186225,0.3276083093326797,0.3264597644749755
02/19/2025,0.3583167330677291,0.35899402390438245,0.35973861090365944,0.3580296425457716
02/19/2026,0.36057711442786067,0.35898431665421954,0.36173437694123495,0.3588394969493214
02/20/2023,0.31804662576687115,0.31947556321556075,0.3186808875812186,0.31834051458820634
02/20/2024,0.32723012757605496,0.32733938205002455,0.32787174152490517,0.3267320902845927
02/20/2025,0.3564541445548995,0.35883466135458164,0.35938013442867817,0.35693918245264206
02/20/2026,0.3604661016949153,0.3609785856573705,0.3608798309929166,0.3599276356830942
02/21/2022,0.29350381116301943,0.294676011311939,0.2948439420004915,0.29256854789130704
02/21/2023,0.3202322005341495,0.3181398773006135,0.3208082153543288,0.31845850775671014
02/21/2024,0.32584698117819605,0.3273086359175662,0.32703251038865805,0.3268769174131795
02/21/2025,0.357356608478803,0.35710368893320044,0.3583779743366139,0.35689526184538656
02/22/2022,0.2931382193802263,0.29373002212933363,0.2937948542933676,0.29299921013196456
02/22/2023,0.32132461766156883,0.32163506525486335,0.3219664138678223,0.32030587074494327
02/22/2024,0.3257055214723926,0.3271221786064769,0.3263358592031288,0.32527388847948907
02/23/2022,0.2932710280373832,0.293416133792425,0.29314957537676106,0.29276455837006304
02/23/2023,0.31889189189189193,0.32142328564380857,0.321019656019656,0.3196539792387543
02/23/2024,0.32636809815950923,0.32576932515337426,0.32657651593954595,0.3256676485027
02/23/2026,0.3599700897308076,0.36071535393818543,0.3607542942494399,0.3591463871209285
02/24/2022,0.2966912669126691,0.29331037875061483,0.2972057308277317,0.29332811611750553
02/24/2023,0.32519792182088075,0.3208180919426594,0.32397297297297295,0.32070509648688766
02/24/2025,0.3561805036150586,0.35804038893044127,0.35820832295041116,0.3558368213906416
02/24/2026,0.3593667414609823,0.359975074775673,0.3602886290121921,0.358611318873099
02/25/2022,0.2945327102803738,0.2967060270602706,0.29637542360394875,0.29479174101703925
02/25/2025,0.357356608478803,0.35643231114435303,0.3572139303482587,0.3562461807071148
02/25/2026,0.355783042394015,0.35949389179755675,0.3590394425780764,0.3558047196903483
02/26/2024,0.3270071200589246,0.3265651853670513,0.3269641981363413,0.32609133316965383
02/26/2025,0.3574064837905237,0.35713466334164584,0.358,0.35647293589423795
02/26/2026,0.35758801498127346,0.3565688600324635,0.3580408264874284,0.3543974022730111
02/27/2023,0.3258471432104873,0.3252226620484908,0.32774561329780133,0.3247450495049505
02/27/2024,0.32720461802996803,0.3271225141173582,0.3270451201569397,0.32659051830017194
02/27/2025,0.36171571072319203,0.35758104738154617,0.3615585774058578,0.35764764577486746
02/27/2026,0.359321187921138,0.3575505617977528,0.359982574060244,0.3571285892634207
02/28/2022,0.2951598622725037,0.2970118052139695,0.2966651943462898,0.29644735217874335
02/28/2023,0.32634928465712876,0.32609448429384125,0.32700372040308473,0.32519049975259773
02/28/2024,0.3277764127764128,0.32727094080078606,0.328060799215494,0.32723315297589767
02/28/2025,0.36431812515582146,0.36172026925953626,0.3649968847352025,0.3617782765930914
02/29/2024,0.3281976887140398,0.32823095823095827,0.32783823529411765,0.3272215392180969
03/01/2022,0.29651168511685116,0.29542056074766354,0.295846422852154,0.2947612976900094
03/01/2023,0.3211340713407134,0.32645288603848055,0.3256189001155444,0.3205223770079082
03/01/2024,0.32715023358741085,0.3284509466437177,0.328159509202454,0.327437284800787
03/02/2022,0.29604003759676,0.29653628536285365,0.29655439696427827,0.2958195716697595
03/02/2023,0.3228990147783251,0.32123739237392374,0.3240727988194786,0.3211428571428571
03/02/2026,0.36268712574850304,0.3601997503121098,0.36404530744336566,0.3595405742821473
03/03/2022,0.29656580565805657,0.2960049200492005,0.2974473381280808,0.29588699891950965
03/03/2023,0.3193813162435297,0.3230024630541872,0.3225455975615752,0.31900895304581045
03/03/2025,0.36366674981292096,0.3644477686362503,0.3642276422764228,0.3635539460539461
03/03/2026,0.3694760479041916,0.36202739726027394,0.3749900447984072,0.362773339990015
03/04/2022,0.29964312084666506,0.2969077490774908,0.29940819397295515,0.2969864376152458
03/04/2024,0.3274827755905512,0.32785714285714285,0.3245910418695229,0.32707881773399017
03/04/2025,0.3623815461346634,0.3637347294938918,0.36484047856430707,0.362630068621335
03/04/2026,0.36485029940119756,0.3698755290017426,0.36988548668160315,0.3637464120803694
03/05/2024,0.328255702195336,0.3277682086614173,0.32874517407726883,0.3273523622047244
03/05/2025,0.3602592869608576,0.362627773622538,0.3645687936191426,0.36022954091816367
03/05/2026,0.3695484031936128,0.36496007984031936,0.37090365944734877,0.3632393311704517
03/06/2023,0.3202123456790123,0.31829853800594243,0.3201703036146475,0.3193283950617284
03/06/2024,0.3275086249383933,0.3288019680196802,0.32905669659328496,0.32754805322819125
03/06/2025,0.3611127744510978,0.35998504113687363,0.36212740504436247,0.35873253493013973
03/06/2026,0.3697679640718563,0.36959830339321353,0.3724993776450087,0.366102583302134
03/07/2022,0.3034827586206897,0.30067683977356635,0.30165566153093665,0.30050492610837437
03/07/2023,0.32566452569169957,0.3204567901234568,0.32541040177471037,0.3203870540501806
03/07/2024,0.32628606658446363,0.32777723016264165,0.32830788177339904,0.3269870290302656
03/07/2025,0.361617169952583,0.36102794411177647,0.3615432560458739,0.3597379258704605
03/08/2022,0.30375030780595913,0.30343757695148976,0.3039394883596546,0.30275543765008706
03/08/2023,0.3251926877470356,0.325669466403162,0.32540474143225645,0.3244710436736601
03/08/2024,0.324537607891492,0.3265598027127004,0.3268267454746952,0.323841474854598
03/09/2022,0.30141202562838837,0.303777394730362,0.3031614939892614,0.3014684490554687
03/09/2023,0.3276099851705388,0.32528903162055334,0.3277610466551469,0.3249530400395452
03/09/2026,0.3645261845386534,0.3705813373253493,0.37313339970134396,0.36548318539817476
03/10/2022,0.3029659763313609,0.30143913257762445,0.302475320465596,0.3024180986524911
03/10/2023,0.32606569523339096,0.32768660405338607,0.32842183255124724,0.32379975278121137
03/10/2025,0.3640793413173653,0.36134912718204487,0.363363184079602,0.3607713429855217
03/10/2026,0.367426433915212,0.3647581047381546,0.36830315475079334,0.3648096842630725
03/11/2022,0.3045284913890721,0.30294871794871797,0.30375997781752956,0.3031730947238507
03/11/2024,0.32419985159535,0.3249321490254133,0.32491993101749195,0.3232797427652733
03/11/2025,0.3620459081836327,0.3642390219560878,0.36383561643835616,0.3618270310745039
03/11/2026,0.3685436408977556,0.3670220716456579,0.36827629122588673,0.36506487025948103
03/12/2024,0.32427194066749077,0.3243952510511996,0.3241033228530917,0.32349579416130625
03/12/2025,0.3620259481037924,0.36223552894211575,0.3626351183063512,0.36173717708723324
03/12/2026,0.3718092391981073,0.36838902743142143,0.372341008089608,0.3677630922693267
03/13/2023,0.32022227710545814,0.32667161961367014,0.3261258235625315,0.32138358542028267
03/13/2024,0.32445267642155956,0.32446971569839306,0.3259220843366055,0.32385357407865445
03/13/2025,0.3625823353293413,0.3620508982035928,0.3636916936891993,0.36157993260950955
03/13/2026,0.37443391521197006,0.3712992664428696,0.37374056276615053,0.370707423580786
03/14/2022,0.3063308641975309,0.3051554020720276,0.3050089577146784,0.3048592592592593
03/14/2023,0.32195212240868704,0.3203111879476414,0.3243435340572557,0.3204524103831891
03/14/2024,0.3269342885375494,0.3240567200986436,0.32687855499752216,0.3245978718139075
03/14/2025,0.3620214624407287,0.3629997504367357,0.36385978043912176,0.36228714107365795
03/15/2022,0.3070841584158416,0.30666913580246913,0.30627573557396004,0.30675742574257425
03/15/2023,0.32396743153219837,0.32204837117472856,0.32633538840937115,0.32037082818294194
03/15/2024,0.32798373182154306,0.327248023715415,0.3286650892240955,0.32682070925491163
03/16/2022,0.30383089511529876,0.30734158415841584,0.30774273345701914,0.30404962779156325
03/16/2023,0.3207223865877712,0.32405132000986925,0.3247214003944773,0.3217058096415327
03/16/2026,0.3714837905236908,0.37412718204488776,0.3735746268656716,0.3707573300062383
03/17/2022,0.29999752045623607,0.30373419290850484,0.3027868892889733,0.2995885039053683
03/17/2023,0.3225764299802761,0.3209664694280079,0.3229068047337278,0.3209493201483313
03/17/2025,0.35961370716510904,0.36225355627651606,0.36175093399750935,0.36040479760119937
03/17/2026,0.3712974051896208,0.37148129675810476,0.3722519606622682,0.3704968789013733
03/18/2022,0.3000867195242815,0.3002430555555555,0.3016005946481665,0.2995062034739454
03/18/2024,0.3300971113630918,0.32809958097116093,0.32962680133021305,0.328631109288416
03/18/2025,0.3614845309381237,0.3602894933865735,0.3629787085584418,0.3597054234537852
03/18/2026,0.37626340733349967,0.3712724550898203,0.37630044843049326,0.37007740324594257
03/19/2024,0.3303719661633331,0.33028903162055334,0.3305556239990144,0.33007945684722345
03/19/2025,0.364609854725176,0.36167914171656684,0.364734022673477,0.36200349737696724
03/19/2026,0.3714862842892768,0.37619855325517587,0.37611947734887835,0.3715048664836536
03/20/2023,0.3215877712031558,0.32504034761017997,0.32397189349112426,0.32261949099937925
03/20/2024,0.32827364781427515,0.33040513833992097,0.3309873742355494,0.328885043263288
03/20/2025,0.36536131814442757,0.3638451935081149,0.366615173788464,0.36342364839555497
03/20/2026,0.37544887780548625,0.3727082294264339,0.37514004730486744,0.37209861093730445
03/21/2022,0.3013737623762376,0.3002974346263477,0.3017920792079208,0.30030765413720384
03/21/2023,0.32135601577909273,0.3214669625246548,0.32323643066974234,0.32108578136405785
03/21/2024,0.3295888014862835,0.32864657940232156,0.32963227859027794,0.32657357170387497
03/21/2025,0.36459947676591503,0.3663096129837703,0.3661268219758316,0.36483266733266734
03/22/2022,0.30038813349814586,0.3016881188118812,0.3025760197775031,0.30077018325903915
03/22/2023,0.3195887712386112,0.32145463510848127,0.3226692932775178,0.31769230769230766
03/22/2024,0.33195700518902893,0.32989377470355735,0.3323050366808458,0.32856436866814925
03/23/2022,0.3011168766987892,0.3004177997527812,0.3002954209748892,0.2993967115836321
03/23/2023,0.3168054187192118,0.3195222851514405,0.32005966504868705,0.31423891625615763
03/23/2026,0.37081307502431,0.37608701087635954,0.3779076999626819,0.3700337542192774
03/24/2022,0.3007595561035758,0.30121571534469976,0.3019595760414099,0.30110461017033013
03/24/2023,0.31903893543617545,0.3169137931034483,0.32202279833567227,0.31622684660351136
03/24/2025,0.36622313203684753,0.36597603594608086,0.36641006477329346,0.3653711572106973
03/24/2026,0.3731321695760598,0.37082044887780546,0.3743367124821195,0.3708197130380536
03/25/2022,0.30248888888888886,0.301704966641957,0.30158624760218383,0.3007828921013457
03/25/2024,0.3312320633349827,0.33286280336800395,0.33164488286066585,0.330529965329371
03/25/2025,0.36531575398906285,0.366505994005994,0.36655288401644454,0.3655465334166146
03/25/2026,0.3755577738956825,0.37322443890274315,0.3750354786505664,0.37190214677983024
03/26/2024,0.3322192480295287,0.33142998515586347,0.3317336621454994,0.3301806483543677
03/26/2025,0.3665642792927779,0.3651821357285429,0.36642421223066385,0.3652430338623016
03/26/2026,0.3759526184538653,0.37563264287496884,0.37644538547764356,0.37505682527788187
03/27/2023,0.3200789149198521,0.31898534663218814,0.3210652024032306,0.3191467324290999
03/27/2024,0.333948540326571,0.3325333993072736,0.3341421871142927,0.3319623855481317
03/27/2025,0.36589058206345243,0.3670214892553723,0.36663154512371005,0.3657235691077231
03/27/2026,0.37597457627118647,0.3760099750623441,0.37739412057797705,0.3753971028971029
03/28/2022,0.30213580246913585,0.302320987654321,0.3019327710428603,0.3021297843519187
03/28/2023,0.32009871668311946,0.3201849568434032,0.3208941974809394,0.3191609081934847
03/28/2024,0.33394704281118537,0.33412914398812465,0.33432477433188895,0.33229550798168545
03/28/2025,0.36746749999999995,0.36595553334998754,0.3666575308334371,0.365665
03/29/2022,0.2981111111111111,0.30217777777777777,0.30210714505887426,0.29816497900716227
03/29/2023,0.3218988902589396,0.32020236920039485,0.322462589459987,0.31966181189829673
03/29/2024,0.33253152039555006,0.3342489482801287,0.33379378513622043,0.3327216443784051
03/30/2022,0.298841975308642,0.29831851851851854,0.2993756940160395,0.2982235948116121
03/30/2023,0.3198199309324124,0.3223501849568434,0.32260665844636255,0.31990128331688056
03/30/2026,0.3784474589796021,0.376864067966017,0.37930733773514386,0.37691077230692327
03/31/2022,0.2997950617283951,0.29889135802469136,0.2996536209553159,0.29845849802371544
03/31/2023,0.32217809570794276,0.3199235323137642,0.32275911400522916,0.318346923647146
03/31/2025,0.36801249999999996,0.3694472361809045,0.3677486806731056,0.3689195979899497
03/31/2026,0.3754722153002741,0.3782701894317049,0.3833474534037676,0.37597250000000004
04/01/2022,0.30109355714638364,0.30003209876543213,0.2999532962981171,0.299943439053728
04/01/2024,0.33457107540173053,0.333456346749226,0.3350751578760118,0.3327881040892193
04/01/2025,0.3672829943531058,0.3682625,0.36823221627008845,0.3680401379742866
04/01/2026,0.37766711597024616,0.37530525791178665,0.3779577394597827,0.37398650337415645
04/02/2024,0.3344345459044791,0.33515226541223075,0.3356223707003217,0.3337469044081228
04/02/2025,0.3676356783919598,0.36773500000000003,0.36734770150741247,0.36689195979899497
04/02/2026,0.3770886392009988,0.3782081357624158,0.379778220782457,0.3767291822955739
04/03/2023,0.32310617283950616,0.3222668968919586,0.32581520398598984,0.32271379139891254
04/03/2024,0.3324449938195303,0.3344267161410019,0.33446421776238083,0.33331681328212115
04/03/2025,0.3623707219585311,0.366535,0.36706952404684773,0.3648263714141922
04/03/2026,0.3774319260554584,0.3770886392009988,0.37688761525043607,0.3760440110027507
04/04/2022,0.29961737842508024,0.30111083683041223,0.30037686803218766,0.2997310267664181
04/04/2023,0.3232371083148285,0.3231506172839506,0.32503305638333563,0.3221185185185185
04/04/2024,0.3344257425742574,0.3330371287128713,0.33403500449662504,0.3326002971768202
04/04/2025,0.3644452773613193,0.3626480139895079,0.3645416043846537,0.3576866324871827
04/05/2022,0.30086935045690294,0.2998000493705258,0.29980272257585844,0.2990095683259506
04/05/2023,0.3244764720374476,0.32335060449050085,0.32481152993348117,0.3231382716049383
04/05/2024,0.3343836633663367,0.33456683168316836,0.3351785493636476,0.3337673267326733
04/06/2022,0.30068658928130404,0.30101753519387503,0.30114893805789544,0.3004524640882885
04/06/2023,0.3249938378111905,0.32455284552845526,0.32585612219758564,0.32460493827160497
04/06/2026,0.3760154497881884,0.37801576379331914,0.3769249937702467,0.37501563868384835
04/07/2022,0.3018641975308642,0.3007162262286984,0.3016765422117935,0.3006366813479058
04/07/2023,0.32461159062885325,0.32511461671185604,0.3253776956253851,0.3245753086419753
04/07/2025,0.3672938530734633,0.3634715477524592,0.36631212290850285,0.36418
04/07/2026,0.37350885949588225,0.3765510356875468,0.37698729130326436,0.3737259314828707
04/08/2022,0.30387886279357235,0.3021398566839634,0.302783640576801,0.3019621805522589
04/08/2024,0.3346798516687268,0.3345555830651151,0.335254218867328,0.33468351294438253
04/08/2025,0.37006973848069735,0.36754372813593206,0.37056039850560396,0.3680582402409941
04/08/2026,0.36919101123595505,0.3730326439073013,0.37445690084703537,0.36747436859214805
04/09/2024,0.33441336633663366,0.33556656346749225,0.33537283004880464,0.3344668730650155
04/09/2025,0.3609987515605493,0.3713083645443196,0.37115211970074813,0.36080669330669335
04/09/2026,0.3679985026204143,0.3685294117647059,0.369920279023418,0.36787492182614134
04/10/2023,0.32519576459000243,0.3256376004947434,0.32599526772326276,0.32536796536796536
04/10/2024,0.33698220464656453,0.3344031570514406,0.3375421124909847,0.3332475247524752
04/10/2025,0.36223164193990776,0.3610387016229713,0.3655504301209325,0.36112887112887115
04/10/2026,0.37067149276085876,0.36794858996755675,0.3708363750520103,0.36774943735933985
04/11/2022,0.3051470951792336,0.30381953028430164,0.30418144346123765,0.3041225250373054
04/11/2023,0.3255429697118936,0.325286875153903,0.3261568534767152,0.32500246913580244
04/11/2024,0.3383688118811881,0.3376311881188119,0.3394405940594059,0.337
04/11/2025,0.3544394506866417,0.3625183892282758,0.3631510773446257,0.35430284857571215
04/12/2022,0.3036795252225519,0.30529048207663784,0.3051677199206672,0.3030612775246444
04/12/2023,0.3256907165722729,0.3256463925141591,0.3268118081180812,0.3248928835262251
04/12/2024,0.3407483329217091,0.33873267326732676,0.3424044568685362,0.3382153465346535
04/13/2022,0.3024054388133498,0.3036968348170129,0.30384586920591067,0.30233012784027635
04/13/2023,0.3202412010829437,0.32579906426988425,0.3261262589044461,0.3200270935960591
04/13/2026,0.36869641076769694,0.3706271864067966,0.37124999999999997,0.3692198049512378
04/14/2022,0.30405154899082026,0.3024400494437577,0.3037268857617772,0.3024031778539592
04/14/2023,0.3209451144474526,0.32043809992616296,0.321323888917553,0.31869487493905774
04/14/2025,0.35440948813982526,0.35508495752123936,0.35658615537848604,0.35396051974012993
04/14/2026,0.36765792759051186,0.36932334581772785,0.37015260043600123,0.3666267166042447
04/15/2022,0.3037067260138477,0.3041433868974042,0.30456309479668764,0.30341493570722056
04/15/2024,0.3429549950544016,0.3418172815053231,0.3435587821320098,0.3417058677890567
04/15/2025,0.3562122347066168,0.35465917602996255,0.3573720988270527,0.3543570536828964
04/15/2026,0.3681323617488521,0.3677602996254682,0.3685025838988855,0.3671678321678322
04/16/2024,0.3433034214219358,0.34323689416419384,0.345907104229943,0.34324410586555754
04/16/2025,0.35291136712557886,0.35653932584269665,0.35739426518827094,0.3528328753434924
04/16/2026,0.3690670990271888,0.3679546021451734,0.36900236642172124,0.36597603594608086
04/17/2023,0.32466404134875704,0.3210386413979818,0.324303052592865,0.3215043156596794
04/17/2024,0.34096439169139464,0.3436217552533993,0.34306215026155695,0.3411971308434331
04/17/2025,0.35391260923845197,0.35336079900124845,0.3545365124821017,0.3534024740722229
04/17/2026,0.3665026230327254,0.36905712147667746,0.3701581766097895,0.36355
04/18/2022,0.3055062957714082,0.30254523076923073,0.30390389651907684,0.3040292134053113
04/18/2023,0.3244294146581407,0.32476249077036673,0.32475792578029,0.3239094042343673
04/18/2024,0.34118476378926543,0.34128090999010885,0.34049224710804826,0.3394751176033672
04/18/2025,0.35560579565326006,0.3542946317103621,0.3552615844544096,0.35442958890416093
04/19/2022,0.30643510506798516,0.3054264524103832,0.30611782384313146,0.3053345713401424
04/19/2023,0.3267100737100737,0.32453271028037384,0.32838820638820637,0.3240478539713863
04/19/2024,0.3381643700787402,0.3414593123917883,0.34250675841730155,0.34012370113805046
04/20/2022,0.3049839307787392,0.306504326328801,0.3061499370945063,0.3049288630458988
04/20/2023,0.32497176528357474,0.32681572481572485,0.32726982568131596,0.3244499108295923
04/20/2026,0.3677566824881339,0.3657032418952619,0.36840781775177395,0.36641731298473856
04/21/2022,0.3073979718031165,0.30506304079110014,0.3071334295476693,0.30529753804280585
04/21/2023,0.32590340769796516,0.32507733857107785,0.32643920786939196,0.324932369288279
04/21/2025,0.3550524475524476,0.3544157625639107,0.3544792380003735,0.35337331334332833
04/21/2026,0.3705672253165822,0.36779165625780663,0.3698170504044804,0.3670527895921941
04/22/2022,0.30755292087639885,0.3072817214939401,0.30721964314300143,0.3066624076385175
04/22/2024,0.3392544291338583,0.3388348318758468,0.3397275405007364,0.3385909594777682
04/22/2025,0.35727954034474146,0.35530219780219785,0.35606520657043306,0.35431392151962005
04/22/2026,0.3694977511244378,0.3700899325505871,0.3701257000622278,0.36870043777360856
04/23/2024,0.3380231413096996,0.3394856017720896,0.33939557872476456,0.33789470572003
04/23/2025,0.35534478466517305,0.35727954034474146,0.3562821948488242,0.3549331333583302
04/23/2026,0.3697629148989269,0.3694952523738131,0.3701269604182225,0.3690697674418605
04/24/2023,0.32571742850158886,0.326153468987497,0.32545985401459854,0.326668715805004
04/24/2024,0.33908643191332183,0.3382151649433776,0.33912476630916066,0.33669953226255367
04/24/2025,0.3574918810891831,0.3565875593305021,0.359562514045996,0.3563438710483569
04/24/2026,0.3684306387225549,0.36994260044921384,0.3700858956803187,0.36857535616095977
04/25/2022,0.30943069306930693,0.30748702742772427,0.309173406983626,0.3079450684415919
04/25/2023,0.32712612832398147,0.32582253727694943,0.327891206244664,0.32649705014749264
04/25/2024,0.3377857142857143,0.33935960591133,0.33948876915885556,0.3380105372623818
04/25/2025,0.3594102948525737,0.35748938296277794,0.3602070083551565,0.3574109708859178
04/26/2022,0.3117383778437191,0.30946039603960396,0.31135272556738947,0.308280803569218
04/26/2023,0.32586702386751093,0.327228592339595,0.3268265952264978,0.32576175527162476
04/26/2024,0.33900713761458856,0.33797044334975374,0.3395696913002807,0.33757332525246553
04/27/2022,0.3131231454005935,0.3118150346191889,0.31339433250302123,0.31206440818912606
04/27/2023,0.32543620899149456,0.32597174866049683,0.3272490886998785,0.32586696571143
04/27/2026,0.3678063389069129,0.3683682634730539,0.36825610363726957,0.3671716035495563
04/28/2022,0.31441176470588234,0.31315529179030666,0.3146381741102238,0.31290094246228173
04/28/2023,0.3247827142510318,0.32553341433778854,0.32537939393939397,0.3258460668074543
04/28/2025,0.3589228617106315,0.35873799725651573,0.36084050380346677,0.3586326709161355
04/28/2026,0.36774282147315857,0.3679560768654854,0.36847035376183357,0.3677925
04/29/2022,0.3120133399209486,0.3144784972812655,0.3128119064409678,0.31047843374000733
04/29/2024,0.33842195962580013,0.33884927464961884,0.3404106220801574,0.33831242901524283
04/29/2025,0.35785607196401803,0.3589074286856172,0.3600549313358302,0.3575759090341122
04/29/2026,0.37150237085101073,0.36777278401997504,0.37192178353468675,0.3677580604848788
04/30/2024,0.3407230693556321,0.33876847290640394,0.34106971597196606,0.3383148926944521
04/30/2025,0.35573228130188894,0.3577666749937547,0.3580592413216332,0.3547825
04/30/2026,0.3680524344569288,0.3714849014225106,0.3709655722186239,0.3675747923302729
05/01/2023,0.3258509346928866,0.32487739742655986,0.32560872198667473,0.32589971566107584
05/01/2024,0.33876521953019306,0.34088293162813577,0.3414190850959174,0.33916851168511686
05/01/2025,0.35884307846076957,0.3559945027486257,0.35901459398777597,0.3555525
05/01/2026,0.3669127182044888,0.3673382371275402,0.3679153175591532,0.36674578388507184
05/02/2022,0.31312005928853753,0.3126452410383189,0.3125345860131089,0.31228486646884274
05/02/2023,0.32577912621359223,0.32606700655498905,0.3258375757575757,0.3248818763740602
05/02/2024,0.3356458742632613,0.339028529267093,0.3397863457760314,0.33618204182041816
05/02/2025,0.34962537462537463,0.35884307846076957,0.3593245462122384,0.3477075
05/03/2022,0.3111975308641975,0.3131521739130435,0.3125472662552809,0.3114691291806423
05/03/2023,0.3238932038834952,0.3258834951456311,0.3255477460009695,0.32300948391282475
05/03/2024,0.33250613647520866,0.3359381139489195,0.33695385370643105,0.331031941031941
05/04/2022,0.30886229022704836,0.31134567901234567,0.3118877539721403,0.3089300756132927
05/04/2023,0.3205597286164284,0.32412864077669906,0.32371940877150474,0.3207156217358564
05/04/2026,0.36806532036898526,0.36771535580524345,0.36831831084109357,0.3654915677701437
05/05/2022,0.31322803553800593,0.30901975308641977,0.31400024639645185,0.3087456790123457
05/05/2023,0.31915455426356587,0.32118203883495144,0.3205181598062954,0.3192014563106796
05/05/2025,0.3434107365792759,0.3491022443890274,0.34923940149625937,0.34125
05/05/2026,0.36660928143712573,0.36799052605335325,0.3681847609561753,0.36637862137862137
05/06/2022,0.3135638416070397,0.3133193484698914,0.3143279281941418,0.31283611277092727
05/06/2024,0.3324932515337424,0.3335127165499447,0.3340711656441718,0.33267363245236636
05/06/2025,0.34326097804391215,0.34341323345817726,0.34685536159601,0.34328
05/06/2026,0.36040139616055844,0.3670508982035928,0.3673540032374548,0.3592584269662921
05/07/2024,0.3334453987730061,0.33263803680981596,0.33402678965703353,0.33219343704507465
05/07/2025,0.34924575424575427,0.34368973270047465,0.3499401346969319,0.343648175912044
05/07/2026,0.36356929212362915,0.361164298180005,0.3632910131939258,0.3606314738549856
05/08/2023,0.3201283914728682,0.3192732558139535,0.32112106537530266,0.31977658294188444
05/08/2024,0.3348878421862613,0.33360490797546016,0.3357023698542761,0.3331655811875379
05/08/2025,0.3509417936547589,0.34924825174825175,0.3513008739076155,0.34776361819090457
05/08/2026,0.3643115264797508,0.3638331836775417,0.3662047173566879,0.3627573300062383
05/09/2022,0.3138620689655172,0.31271630769230774,0.31428641671788565,0.31365185185185185
05/09/2023,0.3215910744603444,0.32042393410852715,0.3209672349171805,0.32009945421467556
05/09/2024,0.3349914110429448,0.3349116781157998,0.33698478900883216,0.334517791411043
05/09/2025,0.34877841618785915,0.3505346025725799,0.3526371505075036,0.348546431696038
05/10/2022,0.31455889600788567,0.31427409415824503,0.31497352542790297,0.3135314426633785
05/10/2023,0.31968947113051915,0.3216905166141159,0.32147520135650703,0.31944656761760565
05/10/2024,0.33594554819720385,0.33523435582822086,0.33642047962336324,0.33468401030801326
05/11/2022,0.3150320197044335,0.31459586002957124,0.3153908674449534,0.313657093553556
05/11/2023,0.32286026200873363,0.3194886088221037,0.32341652532105647,0.3195482147194559
05/11/2026,0.36747756729810566,0.36484901422510607,0.3677157512076092,0.3648302546180729
05/12/2022,0.3179113300492611,0.31505911330049263,0.31790759306333377,0.3152473831510683
05/12/2023,0.32594633968677916,0.32332766577605054,0.3257640608290148,0.3229744835965978
05/12/2025,0.3531098928482432,0.3489091590653505,0.35523548467480687,0.3482066033016509
05/12/2026,0.3722482552342971,0.36756729810568295,0.37223605577689245,0.3673403193612774
05/13/2022,0.31473412112259974,0.3179482758620689,0.3171509593783376,0.3150668724026246
05/13/2024,0.33491296886491784,0.3365513009327442,0.3366346342420083,0.33508836524300445
05/13/2025,0.3525727792983329,0.35408045977011493,0.35512952724110086,0.35178705323669085
05/13/2026,0.3713359920239282,0.3722756729810568,0.3734935258964144,0.37068978420855686
05/14/2024,0.3346984920309883,0.3350968374601618,0.3362892156862745,0.3345075518769916
05/14/2025,0.3503258706467662,0.35407046476761617,0.3536146150500218,0.3470939530234882
05/14/2026,0.37221335992023924,0.37137337986041874,0.3723996265172736,0.3712261444430585
05/15/2023,0.3248260763804427,0.3262405832320778,0.32542105900884527,0.32450066901836755
05/15/2024,0.33185185185185184,0.33475851924491296,0.3351336111792106,0.3316997792494481
05/15/2025,0.34932283858070967,0.3519015492253873,0.3515426723065439,0.34718390804597704
05/15/2026,0.3734597912646292,0.37230558325024926,0.3753796365446851,0.3720818261194961
05/16/2022,0.315286875153903,0.31395211786372007,0.315472512382914,0.3150638936619858
05/16/2023,0.3264469844357976,0.32493067380199464,0.3262861375198825,0.32426955358228926
05/16/2024,0.33067435017165275,0.3319769438312485,0.33220696419813633,0.33035178351783523
05/16/2025,0.34960769615192405,0.34932283858070967,0.3488547815820543,0.3467166604174478
05/17/2022,0.3118689977837971,0.31535089879340067,0.31551384104769953,0.31145004311937907
05/17/2023,0.3246301703163017,0.3265515564202335,0.32639376313009266,0.32420174651026423
05/17/2024,0.33155751778268333,0.3309882295242766,0.33350171652770966,0.33043904831984305
05/18/2022,0.31412068965517237,0.31194287121398667,0.31355014548267096,0.31139334064228436
05/18/2023,0.32467883211678833,0.3247469586374696,0.3252648202137998,0.32353828927510836
05/18/2026,0.3705946752923613,0.3731714000996512,0.37464760720944684,0.3712981668537224
05/19/2022,0.31091110563900515,0.3142857142857143,0.31477407635906907,0.31098756148374607
05/19/2023,0.32235465823400633,0.32457177615571775,0.3245369189471511,0.32197080291970803
05/19/2025,0.3471271546340245,0.3490407883248098,0.348994708994709,0.34659085228692826
05/19/2026,0.3749154649428145,0.3705872107489426,0.3764047737444058,0.37126746506986025
05/20/2022,0.3136148731839448,0.31125092341787736,0.3135199622945347,0.31117653580359456
05/20/2024,0.3334755539862242,0.33287681337595276,0.3341596843682338,0.3327882960413081
05/20/2025,0.34791248018572374,0.3471271546340245,0.3479765907109949,0.34694321234459924
05/20/2026,0.3731854989410739,0.37487319741422176,0.3760372670807453,0.37213693334164744
05/21/2024,0.33431444689722833,0.3339752238439838,0.33573706156487615,0.3334674846625767
05/21/2025,0.3424234122042341,0.3481713714713965,0.3472260956175299,0.34166302242768787
05/21/2026,0.3746935663889664,0.37224707929405915,0.3759269837327704,0.37324533836161744
05/22/2023,0.3194917315175097,0.3228282582216809,0.32220089882181463,0.31986845310596834
05/22/2024,0.33464274417201834,0.33482453987730065,0.3355818908971426,0.33372269938650306
05/22/2025,0.34529852610542094,0.3434499125655758,0.3454196762141967,0.3431621047369079
05/22/2026,0.3781965174129353,0.37441750472966245,0.3779354037267081,0.37517129485179407
05/23/2022,0.3098089247274752,0.3129088669950739,0.3121126083715821,0.31009763478380864
05/23/2023,0.32089759182680616,0.31959387159533076,0.3216269455252918,0.31808562393578205
05/23/2024,0.3352145133611179,0.3352170713760118,0.3357759254719294,0.3336629048086359
05/23/2025,0.34102929058356435,0.34529852610542094,0.3455684669054781,0.3407247282269149
05/24/2022,0.31037606050835487,0.3099138355489906,0.31135198908675293,0.31002077137443423
05/24/2023,0.3207858880778589,0.3211530041352469,0.3215066444576834,0.31989290495314593
05/24/2024,0.33470472923303113,0.3355479284138269,0.33652357149857887,0.33464274417201834
05/25/2022,0.311693330051686,0.31054912583107613,0.31252226685831525,0.3104741441971975
05/25/2023,0.3237329766536965,0.32086861313868614,0.3238697285403421,0.3203138686131387
05/25/2026,0.3754008438818565,0.37923422299825393,0.37756515264333584,0.3762873204247345
05/26/2022,0.31012060054147184,0.31172778734924933,0.312433562992126,0.3103498412948761
05/26/2023,0.3214240583232078,0.3237354085603113,0.3236767922235723,0.32182968369829684
05/26/2025,0.3421889055472264,0.34151537884471117,0.34280039970022486,0.3404757135703555
05/26/2026,0.37494962059957704,0.37527177959791513,0.37663732176069437,0.37423550070338923
05/27/2022,0.30814422840265815,0.31018705390105833,0.31062310187486775,0.30760098522167484
05/27/2024,0.33323450134770893,0.3352157920549289,0.33537858368047047,0.33369789112309955
05/27/2025,0.34352488795116043,0.3421889055472264,0.3439718348543677,0.34093215044358366
05/27/2026,0.37341702921068987,0.3742030784508441,0.37437817730936146,0.37224230337778885
05/28/2024,0.33351774785801713,0.33366576819407007,0.33405875152998776,0.33217401960784315
05/28/2025,0.3433041958041958,0.3437781109445277,0.34418755617696994,0.3420242409096588
05/28/2026,0.37153712441023096,0.37298236900918796,0.3742754520683676,0.37214456485698827
05/29/2023,0.32204061777939924,0.32157210545498727,0.3223812416474304,0.32128906725039524
05/29/2024,0.33513283449563,0.3337501529426159,0.33544487935827255,0.33376244737222827
05/29/2025,0.34241947565543074,0.3433066933066933,0.34602172013481464,0.34202873204247347
05/29/2026,0.375260144386358,0.3722602313720612,0.3750527491622192,0.3721945137157107
05/30/2022,0.3039256706866847,0.3079251784395766,0.3085355648535565,0.30385183362047746
05/30/2023,0.3206413994169096,0.3222178988326848,0.322368357124117,0.32041362530413625
05/30/2024,0.33587588565844123,0.33532029339853303,0.3377105010492987,0.3347825874320815
05/30/2025,0.3452296555167249,0.34241947565543074,0.34547110944714843,0.34174847008867243
05/31/2022,0.3058247168882324,0.30411026335220276,0.3051831751670805,0.3040860204461104
05/31/2023,0.32044649356952193,0.3207385811467444,0.322433875272992,0.31969866342648845
05/31/2024,0.3370773359355941,0.3362570241876374,0.3387603952956789,0.3357697947214076
06/01/2022,0.30711576354679804,0.3058788774002954,0.30638797004289403,0.30558649032207197
06/01/2023,0.31860194174757284,0.3208760009706382,0.32138803189941206,0.31893317132442284
06/01/2026,0.3761427765587609,0.373725782414307,0.376889661164205,0.3742188961646399
06/02/2022,0.3054223097759172,0.3071995073891626,0.30821596532373924,0.30569894566178885
06/02/2023,0.3165099369849734,0.31873300970873786,0.31858458555501695,0.31534968431277316
06/02/2025,0.34340399002493766,0.3455747126436782,0.345072319201995,0.3430526710872013
06/02/2026,0.37683556880278196,0.3768214063472309,0.3773821339950372,0.37630922693266833
06/03/2022,0.3080246305418719,0.30562423048510223,0.3079632088928238,0.3051380730870817
06/03/2024,0.33405815472824074,0.33775335775335774,0.33691970948648836,0.33500366479355
06/03/2025,0.34381795511221946,0.3434014962593516,0.3441954381154182,0.34255425293090547
06/03/2026,0.3814483720167309,0.3776580388252862,0.3817147682678456,0.3780849603892458
06/04/2024,0.33445310596833133,0.3342348927875244,0.3357711503347535,0.333717698683569
06/04/2025,0.3397311184276165,0.3434325569809441,0.3435595964628223,0.33987066813142913
06/04/2026,0.38048919791408,0.38224436417984803,0.38238213399503723,0.37948877805486286
06/05/2023,0.3151114341085271,0.31662060606060605,0.31693944155687176,0.31567233009708734
06/05/2024,0.3333154718120838,0.334816077953715,0.3352128435903673,0.33331951876546523
06/05/2025,0.3380230412448257,0.3395786586886063,0.339306573878464,0.33715319361277446
06/05/2026,0.38722622299478515,0.3815034225264468,0.3875413902151671,0.38203740648379053
06/06/2022,0.30890174833784784,0.3083423645320197,0.30795169731362904,0.30769818595054566
06/06/2023,0.3149551515151515,0.31518410852713175,0.31581355932203387,0.3143916417157193
06/06/2024,0.33172220870834346,0.33354029705381055,0.33298518338596067,0.3321158996834673
06/06/2025,0.3391378063679657,0.33787138584247256,0.33870113728171025,0.3374759945130315
06/07/2022,0.3089556650246305,0.30898793400640234,0.30950509640181756,0.30863546798029556
06/07/2023,0.31684669411479777,0.31505696969696967,0.31702191534073854,0.3142756697781549
06/07/2024,0.3351482741857073,0.33194113354414984,0.3353582705853777,0.33181602424448964
06/08/2021,0.2739509803921569,0.2723216474626134,0.2734892725579394,0.27221626292057055
06/08/2022,0.30948288598867274,0.30907635467980293,0.310002462447673,0.30870057888902575
06/08/2023,0.3137490917897796,0.31694356987163963,0.31700567283503744,0.31399438945333513
06/09/2021,0.2737693251533742,0.2739509803921569,0.273973474749107,0.27329238329238326
06/09/2022,0.3106764618413388,0.3095838463432652,0.31145067061226395,0.30895783980456876
06/09/2023,0.3120019389238972,0.3140203439089368,0.3144811720547282,0.31190271858499763
06/09/2025,0.3374015944195316,0.33877459526774595,0.3389696201902775,0.33706234413965086
06/10/2021,0.27249387555120036,0.273781862745098,0.2741940225379716,0.272565265351146
06/10/2022,0.3149483013293944,0.31127031019202367,0.31598572483386655,0.3110416153656735
06/10/2024,0.3337220602526725,0.33447891420261755,0.3334482343015548,0.3340181621463913
06/10/2025,0.3374891000669435,0.3374015944195316,0.33811663621549554,0.3366938750077887
06/11/2021,0.27349338559529646,0.2725526702596766,0.2728412528051517,0.27275141447150036
06/11/2024,0.3345882924459558,0.3340160349854227,0.33518713982408255,0.33399343943627746
06/11/2025,0.3416030914983795,0.3404335908298032,0.34190831159150203,0.3395786586886063
06/12/2023,0.31178155339805824,0.31205379861868415,0.31334483785164013,0.3113592233009709
06/12/2024,0.3326347996066195,0.33487976682050036,0.3351588489788193,0.3315357590050937
06/12/2025,0.3379476309226933,0.3404299204771372,0.3408024844720497,0.33695722658685623
06/13/2022,0.31799113737075335,0.313855022691034,0.3170408508178491,0.3150750067135259
06/13/2023,0.30791838717512754,0.3118592233009708,0.3116529326223946,0.307847615345368
06/13/2024,0.33390386016023305,0.33302890454214235,0.33445791899102595,0.33201959663988134
06/13/2025,0.34103043912175646,0.3379725685785536,0.34110711182822395,0.33764720558882233
06/14/2021,0.27354324920362655,0.2735301322880941,0.27307502889102353,0.27382063882063884
06/14/2022,0.3174716888232398,0.31804037419990155,0.31521436966880123,0.3167629915340916
06/14/2023,0.30937591063623116,0.3073242850218129,0.3103296170625303,0.30765622227569595
06/14/2024,0.33531667071099247,0.33417577081815975,0.3364282250242483,0.33384008256936437
06/15/2021,0.27410964483944894,0.2737882871845136,0.2741587068332109,0.27390409160402757
06/15/2022,0.3145212896874231,0.3175578532742492,0.3176222766710695,0.3148243489913708
06/15/2023,0.30840213695968915,0.3094681884409908,0.3123881492201709,0.30857837181044956
06/16/2021,0.2777538008827857,0.2741088502083844,0.2782979619006598,0.27383953092825253
06/16/2022,0.31690774907749075,0.3146394289933547,0.31817066407534467,0.3144329516160405
06/16/2023,0.31004616132167157,0.3084992714910151,0.31069091473560134,0.3080855199222546
06/16/2025,0.3394332084893883,0.3410678642714571,0.34092154420921544,0.33811250000000004
06/17/2021,0.27828753680078505,0.27779303580186365,0.2771940260664778,0.27679336497312745
06/17/2022,0.3176531365313653,0.31699138991389914,0.318870267678196,0.31564294628637257
06/17/2024,0.33457766990291266,0.3358771397353405,0.33569592628516004,0.33474489795918366
06/17/2025,0.3450551920483493,0.3393832709113608,0.3448108971160563,0.3383487384461654
06/18/2021,0.27844455348380764,0.27832924435721296,0.2781949373771742,0.2770672712044662
06/18/2024,0.334621359223301,0.33505888066043465,0.3359723653111933,0.3351082461688154
06/18/2025,0.34360299625468166,0.34498626716604247,0.34396017423770997,0.34178526841448187
06/19/2023,0.3107755695588948,0.3103109815354713,0.31132816286960735,0.3103330902017992
06/19/2024,0.3343753026634383,0.3348883495145631,0.33511138014527847,0.3347363304981774
06/19/2025,0.34255038566807666,0.34355555555555556,0.34475975908767637,0.3422266625039026
06/20/2022,0.3177220172201722,0.3173998525436225,0.3184522785898538,0.3168290282902829
06/20/2023,0.3122981818181818,0.31101793504604947,0.312667496983237,0.3098157575757576
06/20/2024,0.3376831635128579,0.3353019645888916,0.3374237288135593,0.33496361597498997
06/20/2025,0.34179962663347857,0.3435079840319361,0.3434378109452736,0.3406366246411185
06/21/2021,0.2775760549558391,0.2785181550539745,0.27863921690415,0.2778648648648649
06/21/2022,0.31776629766297665,0.317970479704797,0.31755483586044453,0.31700710424900574
06/21/2023,0.3122467280659234,0.3124218181818182,0.3143359185651963,0.3120918165513459
06/21/2024,0.33614298697364436,0.337855409995148,0.33782247803695853,0.3363067216694977
06/22/2021,0.27810843964671245,0.2776177625122669,0.2788310158830428,0.2779574242062838
06/22/2022,0.31920787207872076,0.3178573185731857,0.32028562314430836,0.3178687091332242
06/22/2023,0.3146340281143965,0.3123460979156568,0.3158148552041682,0.3118997730050637
06/23/2021,0.2784628585437607,0.2781476938174681,0.27791052717647324,0.27859065642447783
06/23/2022,0.3195992131792476,0.3192349323493235,0.3204107780235717,0.3197237637193242
06/23/2023,0.31719030303030304,0.3147333979641299,0.31783082888996605,0.31424242424242427
06/23/2025,0.34203043152905965,0.3422280373831776,0.34594567717073776,0.34212550253452195
06/24/2021,0.2772878862187347,0.27850698700661924,0.2783123666413291,0.27733204399142947
06/24/2022,0.3169141873616917,0.3196803540693386,0.32017701290719114,0.3168002951303492
06/24/2024,0.33701700436352144,0.3373284760170006,0.3375252861728545,0.33657392213348897
06/24/2025,0.33900224494886505,0.34200798204040905,0.34126352443725905,0.34035884567126723
06/25/2021,0.27613375504374305,0.2775551741049534,0.2766685793116919,0.27602684392365245
06/25/2024,0.33821193583303943,0.3370085054678007,0.337609696969697,0.3367031630170316
06/25/2025,0.3390521327014218,0.3389922673983537,0.3399305710974839,0.33802296555167244
06/26/2023,0.31643549951503397,0.317270303030303,0.3173945710130877,0.31630881458966564
06/26/2024,0.33907010710808183,0.3385839416058394,0.33906439854191983,0.33779454722492697
06/26/2025,0.3387054128211524,0.33833229620410704,0.3385556550283498,0.3374230831637939
06/27/2022,0.3162798131300713,0.3170100811408901,0.3168414580072072,0.3154380105031874
06/27/2023,0.3148763936015512,0.31654219204655676,0.31708274663674413,0.3146474350410388
06/27/2024,0.3373114355231143,0.33948275694153623,0.3391907654921021,0.33702557856272836
06/27/2025,0.339658991910392,0.3379937772246422,0.33973883845292874,0.3378282576135796
06/28/2021,0.27662616154395997,0.27664785276073617,0.2757059506510008,0.2767765013414047
06/28/2022,0.3176155358898722,0.31635849520531106,0.31724611723139584,0.31528587983181083
06/28/2023,0.31692493946731237,0.31494910324769754,0.31764449818621526,0.3146541060505368
06/28/2024,0.3357806420233463,0.3376423357664234,0.3377502429543246,0.3344622871046229
06/29/2021,0.27783452000982073,0.2766756425948593,0.2777870257037944,0.2768598084949669
06/29/2022,0.32011310548315713,0.31770648967551623,0.3196537493313966,0.3172026609458954
06/29/2023,0.3201476997578693,0.3170242130750605,0.32008948004836757,0.31637812759067047
06/30/2021,0.2774184049079755,0.277684409386999,0.27715081844491796,0.27635878839066713
06/30/2022,0.3163415233415233,0.3201278583722646,0.32045208845208845,0.3166158386620757
06/30/2023,0.31827444336882865,0.32038256658595643,0.32054034039896323,0.31837953566775007
06/30/2025,0.33717347956131605,0.3404665668662674,0.3392712852578844,0.3362211406464495
07/01/2021,0.27849987724036335,0.2774552147239264,0.2777348563381384,0.2772227600406886
07/01/2022,0.3188485146083968,0.31647420147420147,0.31986250920697273,0.31656833824975417
07/01/2024,0.33587211350412405,0.3359143968871595,0.3363899449858459,0.3355560969667438
07/01/2025,0.33794469357249624,0.3367218419415059,0.33808055693684735,0.3365065502183406
07/02/2021,0.27756690400196415,0.2785440707095507,0.2791394949742584,0.27746255385416513
07/02/2024,0.3364436299200175,0.3363797714563579,0.337541621768549,0.336098747415785
07/02/2025,0.3378649725959143,0.33792725460886897,0.3389897483690587,0.3375626793064737
07/03/2023,0.31593992248062014,0.3198081593006314,0.31880687318489837,0.31634045653229725
07/03/2024,0.3366836610827871,0.336748421563866,0.3379857490947569,0.33585511121915645
07/03/2025,0.33943241224794624,0.3383759511039042,0.34043743009817323,0.33754539215074564
07/04/2022,0.3181610606432605,0.3189098944267125,0.31909682169591363,0.3173790223532302
07/04/2023,0.31355377906976745,0.3164346349745331,0.3169428294573643,0.31361629881154496
07/04/2024,0.33516755706653717,0.3369572608062166,0.3370329003277892,0.3349392909179213
07/04/2025,0.3391884490913617,0.3394149863081902,0.34027250668823494,0.33818725099601593
07/05/2021,0.2775398968819052,0.27806959301610723,0.27721163353009703,0.27768055155574267
07/05/2022,0.3212147239263804,0.3182052541124478,0.3221309709203812,0.3178403133000182
07/05/2023,0.31571566965366915,0.31366521317829454,0.3163462469733656,0.3137819106513882
07/05/2024,0.3337948593598448,0.33519184069936864,0.33563583464662383,0.33462370820668697
07/06/2021,0.27902552773686795,0.27758409035109255,0.278187342142831,0.27775235677313964
07/06/2022,0.3201938650306748,0.3212515337423313,0.32098148814639077,0.3199065923137555
07/06/2023,0.31705255509808666,0.3158149673044321,0.3183268765133172,0.315038980615111
07/07/2021,0.2801914580265096,0.2790697103583702,0.279861861832483,0.27884700425506825
07/07/2022,0.3182781456953642,0.32027975460122704,0.3203213150223584,0.3182098333443832
07/07/2023,0.3141854272573227,0.31713732138532336,0.3172573226821593,0.3140244345689543
07/07/2025,0.342612702366127,0.3388077162414437,0.34293807068762033,0.33948372615039285
07/08/2021,0.28150994353056713,0.2802282768777614,0.28204368407776836,0.28006065461766455
07/08/2022,0.31740132385388575,0.31836399313220504,0.3189657492519347,0.3175159705159705
07/08/2024,0.3360714285714286,0.33410380790686395,0.3359894112427972,0.3344144800777454
07/08/2025,0.3414278594567655,0.342719800747198,0.3420355411954766,0.3404714392616613
07/09/2021,0.28094571358388604,0.28156150257795237,0.2816795201371037,0.2813199036329587
07/09/2024,0.33647688564476885,0.33612918892666344,0.33687226809130644,0.3359270072992701
07/09/2025,0.3425754176015956,0.34129763387297635,0.34277867528271405,0.3418937125748503
07/10/2023,0.3146246973365618,0.3158137838823386,0.3165900547297281,0.31560714719824967
07/10/2024,0.33604131227217493,0.3367055961070559,0.33665858389912706,0.336272506082725
07/10/2025,0.3414387056627256,0.3425754176015956,0.34228713486637663,0.34192662840029947
07/11/2022,0.3211982357265376,0.3182084050135168,0.32168843660286206,0.3181666257065618
07/11/2023,0.313007755695589,0.3147215496368039,0.3152229439692428,0.31268164861189557
07/11/2024,0.3336562096911583,0.3367250608272506,0.3364324324324324,0.33385815257128926
07/11/2025,0.34410179640718563,0.3422349713145423,0.3430393119477001,0.3421367948077883
07/12/2021,0.28088415380847415,0.28150669780017207,0.28151283130819615,0.2818427249706871
07/12/2022,0.3199044117647059,0.3212839990198481,0.3226488605733889,0.31985539215686276
07/12/2023,0.30896727272727276,0.31310470189045075,0.3138656611961515,0.31005355404089585
07/12/2024,0.33455187530443253,0.3336899696048632,0.33528147203497904,0.3336272838002436
07/13/2021,0.28247113731269957,0.2818624078624079,0.28217585510616167,0.2803980343980344
07/13/2022,0.3195518001469508,0.3202083333333333,0.3207543476292666,0.3193130752173316
07/13/2023,0.3069372425490671,0.30896752302472125,0.31012911244581953,0.3069685785923171
07/14/2021,0.28113513513513516,0.2825153524932449,0.28203647044425406,0.28074447174447176
07/14/2022,0.3222545899632803,0.3196424197893705,0.3246074834922964,0.31934100930916215
07/14/2023,0.3070225127087872,0.30704143445602133,0.3077923021060276,0.3053990633090595
07/14/2025,0.3440216985592356,0.3441042914171657,0.3443485398736381,0.3434402696292598
07/15/2021,0.28035117878192534,0.2811719901719901,0.2812737293325168,0.2798697628701315
07/15/2022,0.32258017135862915,0.3225410036719706,0.3254785801713586,0.32238001958863854
07/15/2024,0.3371091086215295,0.3353975609756098,0.3368169116753736,0.3352146341463415
07/15/2025,0.3458543277625343,0.34487240252450924,0.34527938342967246,0.34364044943820227
07/16/2021,0.28033153241650294,0.28004905567819477,0.2806671572234486,0.27953574060427416
07/16/2024,0.33668614560506455,0.3373867510959571,0.33795227660092525,0.3364831953239162
07/16/2025,0.3459785021323291,0.3451076540136901,0.346971769680388,0.3455006242197253
07/17/2023,0.3059263744248002,0.3072670055676591,0.30769305252965384,0.30626587924982057
07/17/2024,0.3357306380905991,0.33694667640613585,0.33639786252125337,0.33498538723818805
07/17/2025,0.34730289421157684,0.34564870259481034,0.34750000000000003,0.3457970290850081
07/18/2022,0.32311353704298296,0.3232022540732574,0.3232726054628188,0.32244652373584815
07/18/2023,0.3064205515787944,0.30605957859045774,0.30671974059913854,0.30451375595477526
07/18/2024,0.33693842784132394,0.3359313367421476,0.33698979591836736,0.3350657574281539
07/18/2025,0.3471057884231537,0.3475146673324179,0.34688471583136427,0.3461481805130766
07/19/2021,0.28255094524920205,0.2805746561886051,0.2829578844270323,0.2805552825552825
07/19/2022,0.3193344751651578,0.32293757649938803,0.3229357798165138,0.31955446756425954
07/19/2023,0.30676513317191284,0.30644465972390406,0.30729643239265464,0.3057156149592677
07/19/2024,0.3376586433260394,0.3373107812119737,0.33813699295603594,0.33681840311587147
07/20/2021,0.28179518664047154,0.2828185612570587,0.2825286370597243,0.28156925343811395
07/20/2022,0.32105134474327623,0.31915341326156105,0.3213251833740831,0.3188151774785801
07/20/2023,0.309162024703318,0.30700726392251815,0.3099722300907667,0.30576305035943324
07/21/2021,0.2822470530451866,0.28204076620825147,0.283250260241259,0.2818032182778528
07/21/2022,0.31919843597262954,0.32119804400977997,0.32181818181818184,0.3195280019564686
07/21/2023,0.31157703488372096,0.30934479835291273,0.3125157384987894,0.3091685364943518
07/21/2025,0.34500998003992017,0.34710828343313377,0.34647022255377347,0.34476345025589816
07/22/2021,0.2826209776467698,0.282291257367387,0.28217306934666475,0.2823985383414509
07/22/2022,0.3199047619047619,0.3193206256109482,0.32119926888133477,0.31937231659967336
07/22/2024,0.33763145082765333,0.3381992943180435,0.33797376093294457,0.3375365141187926
07/22/2025,0.3436460925833748,0.34500998003992017,0.3454559015476412,0.34444638621894896
07/23/2021,0.2828592483419307,0.2826971260132645,0.28264352829224026,0.28238303067898457
07/23/2024,0.33712929145361575,0.3378748782862707,0.3381402142161636,0.33650840029218404
07/23/2025,0.3422227753578096,0.34388722554890216,0.3439676616915423,0.3430732742479091
07/24/2023,0.31018653100775195,0.31168846899224806,0.3114606741573034,0.3095830303030303
07/24/2024,0.33547815533980585,0.3364607355261561,0.3371116504854369,0.33587332521315466
07/24/2025,0.3427059410883675,0.34249313701023204,0.34199702589658276,0.3408389513108614
07/25/2022,0.32009765625,0.320051282051282,0.3202102615841266,0.3197250129618579
07/25/2023,0.30915213178294576,0.31029069767441864,0.3113316979021114,0.30864792827719895
07/25/2024,0.336962457337884,0.33708891595615104,0.3371393895260635,0.3362262311067772
07/25/2025,0.345478152309613,0.3420069895157264,0.34461059965165464,0.3421350980147334
07/26/2021,0.28317936117936116,0.2831109472908219,0.2833594515181195,0.2830909202680273
07/26/2022,0.31919636874843155,0.32018310546875,0.31989012300281755,0.31922872093534566
07/26/2023,0.30792343106372666,0.3092490310077519,0.31061176556049247,0.3074323505311593
07/26/2024,0.3371637426900585,0.33733057045343734,0.3383357699805068,0.33685365853658533
07/27/2021,0.28346021611001965,0.2832211302211302,0.283913256554766,0.2822751842751843
07/27/2022,0.3187115666178624,0.3199194729136164,0.32024633585149803,0.3188262124401166
07/27/2023,0.3109932170542636,0.308073661255149,0.31127422480620154,0.30699781923915676
07/28/2021,0.28255219847703267,0.28350687622789783,0.2841298224127373,0.2829880647806377
07/28/2022,0.3161224987798926,0.31878233284529034,0.31827438553174536,0.31669395235186315
07/28/2023,0.3081912832929782,0.31108769379844964,0.31111138014527845,0.3086365289055872
07/28/2025,0.3469612983770287,0.3457428464325878,0.3461042677616026,0.34429089091590653
07/29/2021,0.28079587324981575,0.2825939572586588,0.2812271160624493,0.2810074558831501
07/29/2022,0.31787509148572823,0.31626891166422644,0.31855005473786646,0.31714810281517747
07/29/2024,0.3361504747991234,0.3377609756097561,0.336745145631068,0.336509756097561
07/29/2025,0.34601619937694705,0.3470486891385768,0.3474936236391913,0.34646757465950273
07/30/2021,0.2827627701375246,0.28084008843036107,0.28253364748252485,0.2810566572656261
07/30/2024,0.3366139240506329,0.33645970294618943,0.33657850036398934,0.33609557132275547
07/30/2025,0.347773339990015,0.34665667915106113,0.34764537417507163,0.3443958515556666
07/31/2023,0.309409200968523,0.30898568308662944,0.3096931921331316,0.3081339480708566
07/31/2024,0.3331905573132149,0.33698149951314504,0.33658252427184465,0.3327952276600925
07/31/2025,0.3475093586224108,0.347773339990015,0.3487149445344634,0.3460365815593982
08/01/2022,0.31886097560975607,0.3185359892459978,0.3184255559120653,0.3181343602909713
08/01/2023,0.31180454765360427,0.3095108958837772,0.3123125302370585,0.30868765133171916
08/01/2024,0.33320515379111276,0.333214894134826,0.3329247572815534,0.3313683954224495
08/01/2025,0.3466508609932618,0.34762415772398303,0.3498775104147236,0.34565896314803246
08/02/2021,0.28239135772158114,0.28288310412573675,0.28278471711976483,0.2821545264709495
08/02/2022,0.31987807851743477,0.3189609756097561,0.31950614280501155,0.3186415831908136
08/02/2023,0.314130592503023,0.3119013062409289,0.315136638452237,0.31151346444780637
08/02/2024,0.3296792223572297,0.33359055501460566,0.33488372093023255,0.3305674622503653
08/03/2021,0.2820333988212181,0.28243555119076846,0.2830986261040236,0.28157907662082515
08/03/2022,0.31859196102314247,0.3207728007687036,0.31968973341171786,0.3187927651807241
08/03/2023,0.31414993954050785,0.31426118500604594,0.3149933582900616,0.3131470730527334
08/04/2021,0.28099165439371626,0.28208005893909627,0.281656050955414,0.28006878761822873
08/04/2022,0.3171195519844169,0.31892491467576795,0.31883948829819797,0.3176437003167043
08/04/2023,0.31529980657640233,0.31429642166344296,0.31727512504804894,0.31387384247493744
08/04/2025,0.34578737209882704,0.34752064048036024,0.3459355961705831,0.3448894440974391
08/05/2021,0.28044524078346666,0.28103583701521845,0.2799783214239504,0.28083159755563103
08/05/2022,0.31738727760175484,0.316985401459854,0.3174161400097229,0.3157068126669024
08/05/2024,0.33244528788487043,0.3320635696821516,0.33375830206777646,0.3311687041564792
08/05/2025,0.34617823265102343,0.3457923633641128,0.34717648524100136,0.3453091817613991
08/06/2021,0.2808954857703631,0.280409715407262,0.2810856857503745,0.2800367438467566
08/06/2024,0.33362135922330094,0.3329617911900706,0.3350094036279804,0.33246835443037975
08/06/2025,0.34564902646030954,0.34575561097256857,0.34673642252117587,0.34578210894552724
08/07/2023,0.31623125302370586,0.31638326258338384,0.3164273628233019,0.3155874134370064
08/07/2024,0.33465298321220316,0.33487098344693284,0.3358349561830574,0.3344305031063467
08/07/2025,0.34540688966550176,0.34533915211970073,0.345723888958048,0.34436781609195405
08/08/2022,0.3166219839142091,0.3168959649975693,0.317428987618354,0.31664269169815923
08/08/2023,0.31850991775520077,0.3163836477987422,0.3199377873886426,0.315938022700481
08/08/2024,0.33498292682926833,0.33523751522533496,0.3354216281895504,0.3350487804878049
08/08/2025,0.34656635224834054,0.3453344982526211,0.34689337319382163,0.34466516741629183
08/09/2021,0.2813073338238901,0.28114082433758586,0.27942435474613037,0.2805302410789492
08/09/2022,0.3183378016085791,0.31686814525956614,0.3181603807986464,0.3168896096769867
08/09/2023,0.31762941461054667,0.3185824866956942,0.31977992744860945,0.3168118045476536
08/09/2024,0.3329729070051257,0.33513658536585367,0.33488699878493317,0.3321161825726141
08/10/2021,0.2825245098039216,0.2813514839342654,0.28108441128340994,0.28164852560888076
08/10/2022,0.31595957135898683,0.31867414087253226,0.31885121605070277,0.31642624589984025
08/10/2023,0.3185534591194969,0.3176342525399129,0.31920435308343414,0.31658273215897625
08/11/2021,0.2824408797427149,0.28278145695364243,0.28272057299856407,0.2834800499090661
08/11/2022,0.3181716235982448,0.315739141014722,0.31740336393890556,0.3162763466042155
08/11/2023,0.32186182902103483,0.31885341074020324,0.3225925030229746,0.31845853073115027
08/11/2025,0.34728089887640445,0.34685314685314683,0.3475759840558047,0.3461544227886057
08/12/2021,0.285183913683178,0.2830905077262693,0.28442544182711305,0.2834500679757008
08/12/2022,0.31731528895391364,0.31863725012189176,0.3180009727626459,0.31683735674225794
08/12/2024,0.3343289997826305,0.3332169880400293,0.3338857837181045,0.33319726228306035
08/12/2025,0.3456104868913858,0.34723595505617977,0.3471957144636851,0.3458989747436859
08/13/2021,0.2847192939445942,0.28522805296714077,0.2866026155562952,0.2848655801130743
08/13/2024,0.3327817159618675,0.3349621119530677,0.33466902137506854,0.332951961862853
08/13/2025,0.34443334997503744,0.34561298377028715,0.34570680628272255,0.3438159539884971
08/14/2023,0.3233671988388969,0.32143978741393886,0.32317452659510315,0.32116352201257864
08/14/2024,0.33032886723507915,0.3331557076509411,0.3324591521172718,0.33079687118064044
08/14/2025,0.346678480949469,0.344435846230654,0.3469208722741433,0.34462365591397853
08/15/2022,0.3195610826627652,0.317141117740168,0.31899872410231483,0.31837652811735945
08/15/2023,0.3231189555125725,0.32364296081277216,0.32401982112642014,0.32242181110783125
08/15/2024,0.33249329758713136,0.3317782120175867,0.33318791128442604,0.3308524670249145
08/15/2025,0.34663588719740457,0.3467324013979031,0.3468436137071651,0.3467516879219805
08/16/2021,0.2856078431372549,0.28499938702954514,0.28549410233048933,0.2856457753337334
08/16/2022,0.3197658536585366,0.32029992684711045,0.31945065629557606,0.3200055790599284
08/16/2023,0.32427949709864606,0.32326683593277716,0.3252616314199396,0.3226142684401451
08/16/2024,0.32921181063933624,0.33248173404773507,0.33280565026790065,0.3296237478622038
08/17/2021,0.288210611869195,0.2857896027464443,0.28823132775014415,0.2859215649688941
08/17/2022,0.32054607508532423,0.3208192462191083,0.3200827724898052,0.3200364022448051
08/17/2023,0.3238080270793037,0.3244535783365571,0.3249576988155668,0.32295358384397477
08/18/2021,0.28642105263157897,0.28865898504535425,0.28827750319442375,0.2866790979689807
08/18/2022,0.32346172598732326,0.32063627498781083,0.32334184604159066,0.32017709692763663
08/18/2023,0.32339290026563633,0.323926499032882,0.32473842186220936,0.32215667311411994
08/18/2025,0.34652694610778445,0.3469414262520295,0.34666500374158143,0.3454690818238601
08/19/2021,0.28830392156862744,0.28690365285609215,0.28790125749132073,0.28735962578340546
08/19/2022,0.3245710814094775,0.32355680156021455,0.32505962413721085,0.32304220541595513
08/19/2024,0.32558435207823966,0.330204231380702,0.32888234291696083,0.3252513146630794
08/19/2025,0.3476197604790419,0.3465319361277445,0.3475239875389408,0.3467816522934633
08/20/2021,0.28816821971554685,0.2883480392156863,0.28969650144133086,0.28729750679474475
08/20/2024,0.32482016148764375,0.32575794621026893,0.32548685491723467,0.32427032321253674
08/20/2025,0.3490337078651686,0.347624750499002,0.34889719626168225,0.34785151856018
08/21/2023,0.3232990676317073,0.3242608274860876,0.32450816922887593,0.32374788289378176
08/21/2024,0.3262570379436964,0.3252483484218253,0.32732005332838465,0.32465605875153
08/21/2025,0.3495154591601292,0.3486929408830132,0.34982556690755046,0.3489002749312672
08/22/2022,0.32742627345844505,0.3253239162201656,0.32648678000286047,0.3255096265503479
08/22/2023,0.3233132239382239,0.32336872586872584,0.32390349819059105,0.32209380651049146
08/22/2024,0.32834516523867807,0.32662913096695223,0.3284211812129726,0.3261611954924057
08/22/2025,0.34518703241895266,0.3490274314214464,0.34923632739504173,0.34475821566912407
08/23/2021,0.2866078431372549,0.2881902893575282,0.2875962574093477,0.28691749797855426
08/23/2022,0.32638800877406776,0.3274993906897392,0.3265035534569852,0.32562837610340944
08/23/2023,0.32000482509047046,0.32355453667953665,0.3238219535319079,0.3203071997836757
08/23/2024,0.324290615045332,0.3286903304773562,0.3284676705914554,0.32427101200686104
08/24/2021,0.2853020354724346,0.28653676470588235,0.2861507874477314,0.28569779323625927
08/24/2022,0.3266569200779727,0.3264781866926639,0.32700547112462003,0.3262844668837425
08/24/2023,0.3196123284372742,0.3203667068757539,0.3203082109318565,0.3179828688623477
08/25/2021,0.28540215792054924,0.2853689629811228,0.28568322404745383,0.28568620996310146
08/25/2022,0.32504750304506697,0.32674463937621834,0.32622600243013367,0.32532877882152006
08/25/2023,0.318769267822736,0.319850710329882,0.3202430806257521,0.31855549172849573
08/25/2025,0.3468620603641806,0.34518703241895266,0.3467573560555099,0.3457628389353992
08/26/2021,0.28703531142717015,0.285446297204512,0.28639255972162486,0.2855715138136199
08/26/2022,0.3264744525547445,0.3252058465286236,0.32497440774809966,0.32424264616135723
08/26/2024,0.3257619631901841,0.32577892536579367,0.3255293109778485,0.32406492069347104
08/26/2025,0.34807385229540916,0.34686455475180844,0.34839038964272373,0.34665083729067736
08/27/2021,0.28475478175576263,0.28707945071113294,0.2865764559228549,0.28529264312676944
08/27/2024,0.3258412882548983,0.32604907975460123,0.3274216957263616,0.32624200688637484
08/27/2025,0.34762974051896206,0.34807135728542915,0.348814953271028,0.3480839895013123
08/28/2023,0.3188367052023121,0.31890453834115806,0.31967497291440955,0.31785542168674696
08/28/2024,0.3289780842157104,0.3264461387112641,0.3290943697427396,0.32671016990888946
08/28/2025,0.3456961077844311,0.34780189620758484,0.34768923805960844,0.3453594608087868
08/29/2022,0.3278002436053593,0.3269622411693057,0.3262988736499725,0.32729166107779467
08/29/2023,0.3171462945139557,0.3189330443159923,0.3197961604442509,0.317621686746988
08/29/2024,0.3286270643332512,0.32910679133858267,0.32944996556135,0.32723865877712033
08/29/2025,0.3465494011976048,0.34511041796631314,0.3477259700451068,0.3454293213348332
08/30/2021,0.28544741358176023,0.2850594727161251,0.28481773723428905,0.28576417839232443
08/30/2022,0.3287311251826595,0.3278879415347138,0.3287884860630352,0.3278195672051204
08/30/2023,0.3182996632996633,0.3172762271414822,0.3189401208693164,0.31833172380492514
08/30/2024,0.3292830746489283,0.3288957357653438,0.3295215174423183,0.32844389642416766
08/31/2021,0.2840024509803922,0.28587153714145624,0.28514518240615905,0.28364123869294916
08/31/2022,0.32576876366286134,0.32892109108621526,0.327311005710967,0.3260888114189593
08/31/2023,0.31861986054339986,0.31837181337181336,0.3190334214955518,0.31814895155459144
09/01/2021,0.2831340357755452,0.2840563725490196,0.28335107369901275,0.28360768091341654
09/01/2022,0.3300438169425511,0.32578851523612967,0.3299557065712032,0.3267429253614979
09/01/2023,0.3167949026208223,0.31869680211589324,0.318899502549763,0.3156646045530122
09/01/2025,0.34748066849588427,0.3465494011976048,0.3481281955356029,0.3467415730337079
09/02/2021,0.2836967172954434,0.28328350894388626,0.2843778592152968,0.2833310438886545
09/02/2022,0.3308580456976179,0.3302799415774099,0.3308984146764257,0.3294104750304507
09/02/2024,0.32950973146095097,0.32953190440995317,0.3302215111986217,0.3291549642769155
09/02/2025,0.3485143570536829,0.34747817410825643,0.3486070271617244,0.3472256935766059
09/03/2021,0.2827731504164625,0.28374081332680057,0.2841058304752572,0.2826931567328918
09/03/2024,0.3298743842364532,0.3296994333579699,0.32887041564792174,0.3291388444006406
09/03/2025,0.34673815461346635,0.34807730673316706,0.34821740214410374,0.346187624750499
09/04/2023,0.3167131522000481,0.31628883291351806,0.3167225682798275,0.3163236354893003
09/04/2024,0.3263990208078335,0.3302980295566502,0.32912272115502267,0.32841379310344826
09/04/2025,0.34751122194513717,0.3465211970074813,0.34799202293406456,0.34624345223247693
09/05/2022,0.3330018043606192,0.33147301895965,0.33253042351074735,0.3313463715026348
09/05/2023,0.3198676293622142,0.3170016830968983,0.32102213324168233,0.31760974433188616
09/05/2024,0.327206676485027,0.32756624141315016,0.32802988547982115,0.32679921453117333
09/05/2025,0.34617228464419475,0.34763092269326684,0.34736265105269715,0.34581927259092615
09/06/2021,0.2834492895639392,0.28316795295847114,0.28416707496325333,0.2829037000735114
09/06/2022,0.3345651117589893,0.3331380651434127,0.3347975012181198,0.33224156824546447
09/06/2023,0.3210737931864692,0.3200842358604092,0.32194177093359,0.320024090580583
09/06/2024,0.32816196319018404,0.32734658811978395,0.3285637254901961,0.3254112447827155
09/07/2021,0.28373224201165226,0.2835203331700147,0.28344110068549755,0.28337091166923867
09/07/2022,0.3344935632742288,0.33491739552964045,0.3370789783547266,0.3367041564792176
09/07/2023,0.32170084439083235,0.3214960250542038,0.3219978694906736,0.3210284647104668
09/08/2021,0.2851158266242368,0.28484313725490196,0.285429268447542,0.2849496801172045
09/08/2022,0.3363824101068999,0.33407578333738164,0.33666909267345946,0.3343249817562637
09/08/2023,0.32292210933720367,0.322021712907117,0.3223330867594652,0.3220827285921626
09/08/2025,0.3455425293090546,0.34575311720698254,0.34725302105394296,0.3462716419776236
09/09/2021,0.2858525426711244,0.2861338563373376,0.28619910054641073,0.28618727036665254
09/09/2022,0.33538405444822555,0.3363808598494049,0.3351263495994736,0.334345498783455
09/09/2024,0.32988935333169417,0.32837135148393426,0.3301579140653691,0.32878042783378414
09/09/2025,0.3466192614770459,0.345844350212023,0.34654200947394664,0.34569965017491255
09/10/2021,0.2865668206150426,0.28678842853640596,0.2867116303148107,0.28592538408858276
09/10/2024,0.3305142716535433,0.3298096524622375,0.33033674783782124,0.3296751968503937
09/10/2025,0.3469013732833957,0.3466217564870259,0.34651713395638634,0.34638670166229224
09/11/2023,0.32148678146980353,0.3232559264634736,0.32203373493975906,0.3216456310679612
09/11/2024,0.328990171990172,0.3307824803149606,0.33028781834918686,0.3292192118226601
09/11/2025,0.3469812734082397,0.3466442115768463,0.3473577970219924,0.3465641794775653
09/12/2022,0.3342159008023341,0.33545454545454545,0.33513865552322064,0.3342763237979306
09/12/2023,0.32242888402625824,0.32162260489934513,0.32049062953516516,0.32167517627036224
09/12/2024,0.3283894762724367,0.3299975369458128,0.33009210364730446,0.3293098348533399
09/12/2025,0.34773589615576633,0.346936127744511,0.3477881619937695,0.34660917385326834
09/13/2021,0.28759931338891614,0.2869281686687914,0.28791098092623063,0.28700314962175105
09/13/2022,0.3381042424242424,0.33436664235351327,0.337774011983296,0.3339583586996226
09/13/2023,0.32347963911241157,0.3225674690007294,0.32378463782207095,0.32276517922457937
09/13/2024,0.32714532019704434,0.3296327335469559,0.32969458128078816,0.3268105574740997
09/14/2021,0.2874521824423737,0.2877488965179009,0.2869872698101827,0.28635611487830154
09/14/2022,0.33844525547445253,0.33877615571776154,0.33811926983189083,0.3382150249604286
09/14/2023,0.32324823729637736,0.32387222628627166,0.3236348164356917,0.322709756097561
09/15/2021,0.28514180929095356,0.28749632172633643,0.2866646167962478,0.286088677984752
09/15/2022,0.34024574209245745,0.3385498783454988,0.3389519544959458,0.3385289819775938
09/15/2023,0.3224691417960264,0.3236058394160584,0.3229660369116523,0.3222603406326034
09/15/2025,0.3456775642625406,0.34768347478781825,0.34794387277829747,0.3457774447358561
09/16/2021,0.2881073792596225,0.2859499877420937,0.28715869193401605,0.2859986549440624
09/16/2022,0.3365176184690158,0.34007299270072994,0.33881598062953994,0.33674984783931833
09/16/2024,0.32571534287123827,0.32807844104588063,0.3266282208588957,0.32488406512086826
09/16/2025,0.3442696629213483,0.3456850511604692,0.34612911266201396,0.3445475
09/17/2021,0.28886512988887636,0.288151507722481,0.2880820106142271,0.2884493977945746
09/17/2024,0.3250184865664284,0.325814010853478,0.3246305128368853,0.32448199309324127
09/17/2025,0.3445744946343898,0.34410781133017215,0.3449254029240058,0.3424712930604094
09/18/2023,0.320943258971872,0.3235385738622536,0.3225005516207952,0.32190070576782676
09/18/2024,0.32497905888149786,0.32590875462392105,0.3261145558352262,0.32481006413418845
09/18/2025,0.3464487147491889,0.3445769902670327,0.34676221335992025,0.34466
09/19/2022,0.3370299430233968,0.33680437424058324,0.3377398875385453,0.33822091886608013
09/19/2023,0.3224805825242718,0.3210207297854285,0.32233482846405626,0.32052228835175517
09/19/2024,0.3267323319379463,0.3262797557390473,0.32834028971274243,0.32664229976225007
09/19/2025,0.3486922884951335,0.34645370601447467,0.34825227018285854,0.3463554667998003
09/20/2021,0.29024756244140193,0.2889959642900819,0.2908366728212433,0.2902432553271983
09/20/2022,0.33814958717824184,0.33770463930046146,0.3375909141499436,0.33753284671532846
09/20/2023,0.3241536964980545,0.32257038834951457,0.3241227548760102,0.3218944552529183
09/20/2024,0.3277479694806793,0.32718295986210294,0.3292839268006408,0.32679064039408867
09/21/2021,0.29039980377728725,0.29109830840892376,0.29061613691931537,0.29038863843955337
09/21/2022,0.33941476444876156,0.33824915007285095,0.3383588317107093,0.33913043478260874
09/21/2023,0.32539489671931954,0.32428015564202334,0.32635947720349995,0.32384970817120623
09/22/2021,0.2898577385332352,0.2905101790532254,0.28926160250044525,0.28930581337104805
09/22/2022,0.3409980573093735,0.3394196211753278,0.342270335651648,0.3394991490396304
09/22/2023,0.3241083576287658,0.32553341433778854,0.32599854227405245,0.32346621293145356
09/22/2025,0.34715497878712254,0.3479566679118416,0.34822161933444506,0.3473748672123977
09/23/2021,0.28811135638950214,0.288889160454601,0.2895699473140924,0.28765527377833267
09/23/2022,0.34523682292931746,0.34168771248178725,0.34391304347826085,0.34149094004621183
09/23/2024,0.328235294117647,0.32795963573714004,0.32906100405057076,0.32796060326254234
09/23/2025,0.347983528824557,0.34717993511355133,0.34823060143346835,0.3473481629592602
09/24/2021,0.28935001226391954,0.2881628648516065,0.2888042981643867,0.28800458129337975
09/24/2024,0.3261580113216835,0.32834358848141765,0.32847361963190186,0.32622599704579025
09/24/2025,0.3506288994260045,0.3479985026204143,0.3507352941176471,0.3477572955070924
09/25/2023,0.32499635657031817,0.32448007774538384,0.32544153323629305,0.3235169646114557
09/25/2024,0.32821560423332513,0.32629125888667143,0.32894972816406953,0.3257779419005416
09/25/2025,0.35158183632734535,0.34979455636626244,0.35152526334138506,0.3495876030992252
09/26/2022,0.34747084548104956,0.34409877738772543,0.34537360125135363,0.34521464185820255
09/26/2023,0.3287001943634597,0.3254044206946806,0.3287964086386799,0.3249842041312272
09/26/2024,0.32325043092834277,0.32870785134137337,0.32890492955147654,0.3232996798818025
09/26/2025,0.3517215568862276,0.351564371257485,0.3525158878504673,0.3520109986251719
09/27/2021,0.28892322786362523,0.2890971456572339,0.2881539732476844,0.2885379185591538
09/27/2022,0.34535593220338984,0.34757531584062196,0.34612688821752263,0.3452603406326034
09/27/2023,0.32893152015541527,0.3289844509232264,0.3300157709571758,0.32741676792223573
09/27/2024,0.3221620290568825,0.3234917508002955,0.32533917408437135,0.32175594138652874
09/28/2021,0.2913276073619632,0.2887147412312975,0.2884015353335372,0.28867975460122697
09/28/2022,0.3459154929577465,0.34627912621359225,0.3495049864007253,0.3464213902079063
09/28/2023,0.32740417273168365,0.32915735794074796,0.32927125015157027,0.3274337788578372
09/29/2021,0.29030585668974385,0.29154110429447855,0.29015187557182065,0.2902278657670629
09/29/2022,0.3471692158290847,0.3458499271491015,0.3488558297048863,0.3459557392996109
09/29/2023,0.32791222114451984,0.32764677341096554,0.3278866416373986,0.32578123103071505
09/29/2025,0.3491371571072319,0.3517240518962076,0.3517581047381546,0.3496886332374641
09/30/2021,0.2903236087276293,0.29130210887690045,0.29032281686702877,0.2896828318827347
09/30/2022,0.3495897062393785,0.3472736100995387,0.3486650148063093,0.34689177699502005
09/30/2024,0.3244666173934467,0.32238218284729914,0.3244604581955017,0.3210421661364997
09/30/2025,0.3500723011717776,0.3485286783042394,0.35037945299988293,0.34937816386475845
10/01/2021,0.2891597256246938,0.29045844569747487,0.28979449584214784,0.28943247475565637
10/01/2024,0.32583663985349576,0.32459965508745997,0.3258385551050498,0.32423406704177726
10/01/2025,0.35,0.35008726003490404,0.3512021925999751,0.3497565846960429
10/02/2023,0.3285291979646232,0.32807421780257096,0.32903085299455537,0.32751547517902657
10/02/2024,0.3261443705346144,0.3259817913385827,0.32533611383709515,0.32477471369222993
10/02/2025,0.35045613160518446,0.3496908501620543,0.35105407425865937,0.34934098851722417
10/03/2022,0.3479247572815534,0.3516615797826883,0.3497502267916541,0.3500866805029911
10/03/2023,0.32987881725642265,0.32884419675308946,0.33002601488293304,0.3287964086386799
10/03/2024,0.32845774821384577,0.3264523281596452,0.32517798566395334,0.3261487627760175
10/03/2025,0.35083998005982053,0.3504062811565304,0.3511857313670785,0.3503542030431529
10/04/2021,0.2902254901960784,0.28904948554630083,0.2898604919443141,0.2889513342798224
10/04/2022,0.3434085395439107,0.347163455713074,0.3473638396905035,0.34396648044692735
10/04/2023,0.3274273255813953,0.33011391177896265,0.33009558378705384,0.32731482603951995
10/04/2024,0.33195512820512824,0.3288117226942495,0.3325470363820174,0.32813524721522297
10/05/2021,0.29080392156862744,0.2903088235294118,0.29001795051900414,0.2904465974636463
10/05/2022,0.34326624636275466,0.34360504609412906,0.34428718196651964,0.3420790878214459
10/05/2023,0.32607705354979405,0.3276526162790698,0.3278300859252088,0.3262437841115828
10/06/2021,0.291718137254902,0.29085539215686274,0.2927159437996335,0.2907330227997058
10/06/2022,0.3412430336806397,0.3436105722599418,0.34264789413257596,0.33880698351115424
10/06/2023,0.32557142857142857,0.32622728374121635,0.3283968542044767,0.32544352884149297
10/06/2025,0.35153002741091455,0.3502143569292123,0.35157515527950306,0.3503303827452936
10/07/2021,0.2912919156513636,0.29209861400711395,0.29079306534354943,0.29157556080717956
10/07/2022,0.34443799854967366,0.34131814877635086,0.3445902828136331,0.3398787878787879
10/07/2024,0.33117172478143875,0.331292583938015,0.3319773872434558,0.3311442663378545
10/07/2025,0.3526874221668742,0.35138117418487064,0.3527490039840638,0.3510183223233204
10/08/2021,0.2935467255334805,0.2919926470588235,0.292280658938377,0.29215129478233764
10/08/2024,0.3294661746617466,0.33190628853267573,0.3317374233128834,0.33068820917612235
10/08/2025,0.3536094527363184,0.3528019925280199,0.3550500667639738,0.3523168908819133
10/09/2023,0.3260314769975787,0.32554721549636806,0.32808474576271185,0.3263340616654528
10/09/2024,0.33063882063882066,0.3299532595325953,0.33142506142506145,0.32955323076923076
10/09/2025,0.3541289198606272,0.35396414342629484,0.35498880318487186,0.3530585305105853
10/10/2022,0.34575199806248486,0.34446463178294573,0.3455548846757638,0.34446463178294573
10/10/2023,0.32462003872216844,0.3263123486682809,0.3268455402465555,0.3251168988491823
10/10/2024,0.33205759291164166,0.33139940973930154,0.3327354150052144,0.33090571675400016
10/10/2025,0.3556094527363184,0.3535680517541677,0.3552972153911121,0.3538672654690619
10/11/2021,0.2933251533742331,0.29344941753525444,0.2935597792765175,0.29248834355828224
10/11/2022,0.3466747396464035,0.34608137563574715,0.3470276789483206,0.3456115282150642
10/11/2023,0.3239941902687001,0.3249322362052275,0.3248317118859146,0.32390261627906974
10/11/2024,0.33179379921259844,0.33244892936254,0.33291441219872114,0.3311324470704087
10/12/2021,0.29381349693251535,0.29343558282208587,0.29316843575146234,0.2943321522752399
10/12/2022,0.34482933914306463,0.3467691935093243,0.34640704123462746,0.34484790150874134
10/12/2023,0.32670380237345603,0.3242653110626967,0.3267174280879865,0.323468992248062
10/13/2021,0.29115856651939126,0.2939680981595092,0.2936213024704051,0.29147849845452267
10/13/2022,0.34516043425814236,0.34492858871943843,0.34814127290260366,0.34466828087167073
10/13/2023,0.3274909178977961,0.3268103657059821,0.3278726238043347,0.32635416666666667
10/13/2025,0.354586129753915,0.3556094527363184,0.3560526969922943,0.3544995019920319
10/14/2021,0.28988497231632737,0.2913279332351497,0.2912909166954059,0.2903986789337108
10/14/2022,0.34894379844961243,0.3460570875665215,0.3479831121833535,0.3455857385398981
10/14/2024,0.3340541871921182,0.33218119153126535,0.33494956949569493,0.3323423645320197
10/14/2025,0.35515038528461346,0.35463832960477254,0.3566708074534161,0.35445342619077225
10/15/2021,0.28997890295358647,0.29026025042965875,0.2898943455292506,0.29054123876212357
10/15/2024,0.3358743842364532,0.33458128078817734,0.335965601965602,0.33399457861015275
10/15/2025,0.3536426971883553,0.35515287099179715,0.35556549838429036,0.3530455337148545
10/16/2023,0.32640997699479357,0.3276619445453445,0.3283601597482754,0.3265543978677005
10/16/2024,0.3358866995073892,0.3359729064039409,0.33653363515575024,0.3348786796403498
10/16/2025,0.35201490683229814,0.3534650758140691,0.3535526185034284,0.35167614017813187
10/17/2022,0.34583272903069856,0.3494307170542636,0.3472202166064982,0.3469053398058252
10/17/2023,0.3278362006299976,0.3266900896535013,0.32843632845567783,0.3265769696969697
10/17/2024,0.33723289020187097,0.33606403940886703,0.33825947808961104,0.33561853129620506
10/17/2025,0.35270156288762095,0.35201490683229814,0.3540635078144381,0.35198807157057654
10/18/2021,0.2906276048050993,0.28996812162824914,0.2904724092014122,0.2904821100421576
10/18/2022,0.3443740937651039,0.3460696156635243,0.34476774969915763,0.3450182437363172
10/18/2023,0.3277317840716533,0.327974315483402,0.3284345372378624,0.32667636363636365
10/18/2024,0.33704275689482327,0.3375701624815362,0.33838995568685376,0.33689761855497424
10/19/2021,0.28858791748526524,0.29058951526349064,0.2899375158899341,0.2885317875878209
10/19/2022,0.3465056749577397,0.34445142580956983,0.34661601543656534,0.34157564040599325
10/19/2023,0.3281752178121975,0.32812394093439845,0.32892863617136986,0.3275181598062954
10/20/2021,0.2881446078431373,0.2887057956777996,0.2883762786386945,0.2880006487331274
10/20/2022,0.3456259062348961,0.34657570635112295,0.34650027129679867,0.3439000565772231
10/20/2023,0.32625876662636033,0.3284390125847047,0.32854847478103294,0.3265641035571133
10/20/2025,0.35221313506815366,0.35305189967717904,0.35294423791821566,0.3519746646795827
10/21/2021,0.28904846515554594,0.28810328309496447,0.2891372901663967,0.2882768857966513
10/21/2022,0.34517158047365876,0.3457201546640889,0.34809397590361446,0.3453009427121102
10/21/2024,0.3394928606597735,0.3377144970414201,0.3401772089588974,0.3368713017751479
10/21/2025,0.35498263888888887,0.3518785625774473,0.35520069375619423,0.3520833333333333
10/22/2021,0.28896065651013036,0.28887063151440834,0.2893986035906968,0.28847207918455836
10/22/2024,0.3393082225504677,0.33967749876907927,0.34029520295202953,0.3390182393127872
10/22/2025,0.3552493177871496,0.3549751984126984,0.35530333068992864,0.3542993531803825
10/23/2023,0.32449709864603477,0.32656348246674727,0.3274541970992503,0.3251089588377724
10/23/2024,0.3397168882323979,0.3396996553421959,0.34082606023355866,0.33912112259970456
10/23/2025,0.3567154915590864,0.3552741255271645,0.35727385377942994,0.35500248262164846
10/24/2022,0.349028750906016,0.3458313194780087,0.34858313253012047,0.347206221898165
10/24/2023,0.3246871224933559,0.3248766924564797,0.3254672784351606,0.3252985436893204
10/24/2024,0.33912669126691264,0.33987198424421466,0.34027417470953464,0.33926354679802956
10/24/2025,0.3575080745341615,0.356708043694141,0.3569690210656753,0.3561639751552795
10/25/2021,0.28671088353551666,0.28926421815501785,0.2888368959392418,0.28686543902732814
10/25/2022,0.34474993959893696,0.34910364822420875,0.3483634610749578,0.3442701788303528
10/25/2023,0.32667632850241546,0.32479826044938387,0.3269709042617409,0.32488088039666224
10/25/2024,0.34139712212519985,0.33967249445949277,0.34292952896322715,0.3390918989225168
10/26/2021,0.286965601965602,0.2868688605108055,0.2866550744514107,0.28604118993135014
10/26/2022,0.3411060130403284,0.3443329312424608,0.3452880212099301,0.34115234001794714
10/26/2023,0.3269736524051245,0.3267874396135266,0.3285176243360695,0.32697145621673923
10/27/2021,0.28726715686274507,0.286992628992629,0.28742337596208456,0.2865646906665159
10/27/2022,0.343292270531401,0.34118811881188116,0.34372415456025074,0.34105314009661836
10/27/2023,0.32766868198307136,0.3271863669325598,0.3281212633613141,0.326097265908541
10/27/2025,0.35525596421471173,0.3575105590062112,0.3567870593748373,0.3552977744622653
10/28/2021,0.2873684210526316,0.28764907975460124,0.28778933030202064,0.2870149529259738
10/28/2022,0.34298190591073585,0.3433985507246377,0.3437063778580024,0.34170798418819526
10/28/2024,0.3399975399753997,0.34193111931119313,0.34192993239090347,0.34034975369458126
10/28/2025,0.3561144278606965,0.35523111332007956,0.357151718149113,0.3555771144278607
10/29/2021,0.28885145105755045,0.2868843805319512,0.2885778028390007,0.28732159420539455
10/29/2024,0.34069950738916255,0.34039232676009185,0.3416129230391254,0.3396147837101218
10/29/2025,0.3547885572139303,0.3561044776119403,0.356302729528536,0.35288059701492536
10/30/2023,0.3255031446540881,0.32846423817015613,0.3279458839161684,0.32569319213313164
10/30/2024,0.339224710804824,0.3409605911330049,0.340736188778959,0.33844585058510285
10/30/2025,0.3560074719800747,0.35482835820895525,0.3560746851932262,0.35406686626746503
10/31/2022,0.34432021250905576,0.3434903381642512,0.3440890493381468,0.342752537457709
10/31/2023,0.32723862536302034,0.325711175616836,0.3276724073353615,0.3256152818387778
10/31/2024,0.3376995940460081,0.33952990401181393,0.340118095706729,0.33799852289512555
10/31/2025,0.3560587942202292,0.35610709838107096,0.3554119106699752,0.35559495567486576
11/01/2021,0.2892919355987922,0.2888858829316281,0.2885437453535235,0.28862976629766296
11/01/2022,0.3421226756822024,0.34460999758512434,0.3443757904245709,0.34115722370704027
11/01/2023,0.3263414043583535,0.32748063891577933,0.3286826202562243,0.32642130750605325
11/01/2024,0.33910947109471096,0.3380388779527559,0.3385808823529412,0.3379017920899837
11/02/2021,0.2892940956981962,0.28946902654867257,0.28919362745098043,0.28878087896356386
11/02/2022,0.34063668153864707,0.342207196329389,0.34267116682738674,0.34058802637396624
11/02/2023,0.32313787254664406,0.326590799031477,0.326726392251816,0.3219093772716259
11/03/2021,0.2896265356265356,0.2897222222222222,0.2906298552670918,0.2898996909022897
11/03/2022,0.34372283920811203,0.3440246257846451,0.3445541689274733,0.3424999698042105
11/03/2023,0.3166860324376664,0.3233171795493094,0.32316171138506167,0.31617212121212124
11/03/2025,0.3561544209215442,0.35615844544095665,0.35567460317460314,0.35593833863820756
11/04/2021,0.29133906633906637,0.2896535626535627,0.29164417840145235,0.2893521819299324
11/04/2022,0.3387134926381849,0.34380975374215356,0.3449028833393654,0.33838272836396216
11/04/2024,0.3376629766297663,0.3388929889298893,0.33831862745098035,0.33721325612911174
11/04/2025,0.3593752333540759,0.35624564025909317,0.3591221635063724,0.3566429729392692
11/05/2021,0.2900417485265226,0.2913931203931204,0.2913032821040763,0.29043981145668646
11/05/2024,0.3387992125984252,0.3381156211562116,0.3391411042944785,0.33795767716535435
11/05/2025,0.3589237668161435,0.35860199004975124,0.35998758535071385,0.3587565412409669
11/06/2023,0.3141277522380837,0.3166182522391673,0.31747068069157297,0.31410820668693007
11/06/2024,0.3446615801132168,0.339365157480315,0.34436813388825976,0.3384242275021544
11/06/2025,0.3609616342800199,0.3589262580966617,0.3608024844720497,0.35901071517567906
11/07/2022,0.33609461742698526,0.34279470681073204,0.3410615125093214,0.33853646657737735
11/07/2023,0.3154752116082225,0.31475532945736434,0.31751435652541865,0.3148121212121212
11/07/2024,0.33979069194779615,0.34506768397735665,0.34477300613496936,0.34007633587786257
11/07/2025,0.36282083229504114,0.3599627329192546,0.3632282095852992,0.36052828307999
11/08/2021,0.2898478154148257,0.29015471512770136,0.29029417376457295,0.28987919753526586
11/08/2022,0.3318923485397055,0.33633357470432057,0.3366630474122331,0.33090184715682724
11/08/2023,0.31702060606060606,0.31619820692997336,0.31807255139056834,0.3148160720000776
11/08/2024,0.3439837398373984,0.34057128786013297,0.34399320230748265,0.34044592264104456
11/09/2021,0.28918359133430843,0.28987481590574377,0.2897147702819946,0.28818862826967945
11/09/2022,0.33095100168959696,0.3318947622495776,0.3330872240318494,0.3279156690255694
11/09/2023,0.31943730293475625,0.31736,0.3189117291414752,0.3159029714978775
11/10/2021,0.2910216110019646,0.28927589592538044,0.2901924422501994,0.2891495514708954
11/10/2022,0.32599308319486836,0.33099203475742217,0.3335598939503495,0.32591059382721116
11/10/2023,0.31968480992678755,0.3197356293960708,0.3202761962447002,0.31918289024642027
11/10/2025,0.36331670822942647,0.36282083229504114,0.3627860696517413,0.36168329177057357
11/11/2021,0.29044215180545324,0.29104862475442045,0.29157662082514735,0.2894766584766585
11/11/2022,0.31708665218440746,0.3259633027522936,0.32597803789067215,0.3171651253613755
11/11/2024,0.34519615099925977,0.3444321261394432,0.34458062139260714,0.34348383913150754
11/11/2025,0.36429426433915213,0.362847533632287,0.36461528907656954,0.3628802992518703
11/12/2021,0.28962227772988397,0.2904568901989683,0.2896937432414579,0.2891283455451312
11/12/2024,0.3469397828232971,0.3456427337774488,0.3472033481043821,0.34515921994569243
11/12/2025,0.3657854119990042,0.3642992518703242,0.3659439950217797,0.36410928143712573
11/13/2023,0.3205613608748481,0.32047167517627034,0.32138357160164766,0.3202650133722344
11/13/2024,0.3474610244988864,0.34842860678049986,0.34845470254258204,0.34537985647117053
11/13/2025,0.3671243135297054,0.3660528942115769,0.3665714285714286,0.3647503744383425
11/14/2022,0.31938962605548854,0.3198012603005332,0.3213655006031363,0.31730489578284055
11/14/2023,0.31712445308702,0.32064884568651275,0.32249424312204583,0.31668206125425374
11/14/2024,0.34711497357255994,0.34779015095273447,0.3475569230769231,0.34631435643564357
11/14/2025,0.3618611041718711,0.36623859159144184,0.3663975155279503,0.3616037971521359
11/15/2021,0.2909095378564405,0.28991400491400493,0.2908863245764792,0.2895867158671587
11/15/2022,0.3176182432432432,0.31948612786489744,0.32026779252110976,0.3164703036167897
11/15/2023,0.31672978878368535,0.31723383568303354,0.3170656651320572,0.31737885462555065
11/15/2024,0.3448849294729028,0.34787871287128713,0.3482081353002901,0.34499752352649826
11/16/2021,0.2908722358722359,0.29094395280235985,0.2910474320427072,0.2892512151602781
11/16/2022,0.32286231884057975,0.3177027027027027,0.3224780252859723,0.3178735437714507
11/16/2023,0.31367475728155336,0.31685117747025976,0.3172684344351617,0.3128279883381924
11/17/2021,0.29006283064720234,0.2910496558505408,0.29056935407272494,0.2901484945160092
11/17/2022,0.32431159420289857,0.3229468599033816,0.3259180722891566,0.3216809762254197
11/17/2023,0.3141626213592233,0.31379611650485434,0.31520140707559396,0.31327745383867833
11/17/2025,0.3652960279790157,0.3617811641269048,0.36435286061134287,0.3617811641269048
11/18/2021,0.2906514257620452,0.29021386430678464,0.2909764379051343,0.28988246411907154
11/18/2022,0.32360144927536233,0.3243937198067633,0.3244728588661038,0.3230201910288961
11/18/2024,0.34426838326318393,0.3454466716159367,0.3462498455455332,0.3435256251547413
11/18/2025,0.36351159488878376,0.3652960279790157,0.3655837689818272,0.3644052973513243
11/19/2021,0.29181415929203536,0.2908038348082596,0.2912240694424011,0.2906812488002717
11/19/2024,0.3437827160493827,0.3446298588759594,0.34399832603022995,0.3438781575037147
11/19/2025,0.3665001249063202,0.3645715713215089,0.3661113186402689,0.36399450412190854
11/20/2023,0.31296692607003895,0.3152676399026764,0.31497306897395577,0.3128741786322706
11/20/2024,0.3466451772873791,0.3450990589400693,0.3451033973412112,0.3442325812050583
11/20/2025,0.36812234706616725,0.3664776417686735,0.367767812655705,0.36613789657756685
11/21/2022,0.32857142857142857,0.3242025132914451,0.3282908225339761,0.32445035675414197
11/21/2023,0.31473863360077803,0.3133535992217899,0.31425836160930687,0.3126367068566557
11/21/2024,0.34752856433184304,0.3471410860401686,0.34639506172839507,0.34650273224043715
11/21/2025,0.3669737827715356,0.36812484394506867,0.36790541381456127,0.36727340917614704
11/22/2021,0.2926186378165724,0.2922940742562085,0.2915965029077167,0.29154609342703597
11/22/2022,0.3270430367504836,0.32864636209813874,0.3285341702341008,0.32679269015396156
11/22/2023,0.3162129314535732,0.3151057622173596,0.3174598930481283,0.31391050583657587
11/22/2024,0.3493771798704534,0.34788623944361646,0.34783456790123457,0.3484255107125062
11/23/2021,0.2923727563314482,0.29273911974428324,0.29199080297654467,0.2922209640096499
11/23/2022,0.3233010882708585,0.32713007736943905,0.3275253580564822,0.3231522803962121
11/23/2023,0.3160427807486631,0.3161837627613029,0.31677278250303764,0.31489304812834223
11/24/2021,0.2921715322188196,0.29261617900172116,0.2919676351599853,0.2915178351783518
11/24/2022,0.3208440145102781,0.3233591293833132,0.3241658607350097,0.32022249093107613
11/24/2023,0.31663912515188336,0.3162907146329606,0.31801295056673917,0.31539836785327713
11/24/2025,0.3677527151211362,0.36734316420894775,0.3685580932229759,0.36704573856535866
11/25/2021,0.29256637168141597,0.29223451327433625,0.29297948150878483,0.29199115044247786
11/25/2022,0.32280599903241414,0.32116807738814995,0.3230497825036249,0.31912675374939525
11/25/2024,0.3482959641255605,0.3493024414549078,0.34685679012345677,0.3483098415866284
11/25/2025,0.36676176176176173,0.36863886113886113,0.36779977586850954,0.3662862862862863
11/26/2021,0.2931116564417178,0.2921422224840336,0.2932786129661773,0.2926451308212827
11/26/2024,0.34697813121272364,0.34867463876432486,0.34842132601194675,0.34777597605089183
11/26/2025,0.36776805798550366,0.366140394703972,0.3676089663760897,0.36438219109554776
11/27/2023,0.31517618469015796,0.31646815751093826,0.3172363636363636,0.31596055514974436
11/27/2024,0.344560794044665,0.3472465208747515,0.34664041897262565,0.3454064131245339
11/27/2025,0.3654811297175706,0.36776055986003503,0.3673110501371913,0.3653101550775388
11/28/2022,0.32408079342041607,0.3231615868408321,0.3239570492206667,0.32234909882666024
11/28/2023,0.31262902246508806,0.3155309842041312,0.31479188124810664,0.3125562173331713
11/28/2024,0.34583870967741936,0.34541935483870967,0.3468171669560903,0.34499379498634897
11/28/2025,0.36644694132334577,0.36438233092088845,0.3674847237810201,0.36536252736940883
11/29/2021,0.29231007173403906,0.29388056033423443,0.29310995544532614,0.2927024859663192
11/29/2022,0.32122152205525933,0.32451136913401063,0.322732516222062,0.3208440455978656
11/29/2023,0.313771567436209,0.31308626974483594,0.31367783364633184,0.312344148742253
11/29/2024,0.34615785554728223,0.3464697120158888,0.34691393224162936,0.3455645632431653
11/30/2021,0.29066355369869745,0.29269353649545343,0.29208597828484595,0.2907337322050821
11/30/2022,0.3154750363548231,0.32129665535627727,0.3217083795936829,0.31562675183039735
11/30/2023,0.31575941676792224,0.3136476306196841,0.3154271174118502,0.3126932425862907
12/01/2021,0.2893020694808722,0.2906955025804866,0.29044168087650185,0.28855546428870055
12/01/2022,0.31655145966622333,0.3154920019389239,0.31687780065399057,0.3148918064672988
12/01/2023,0.3144930883979916,0.31613851761846906,0.31720310227823556,0.31464698658950263
12/01/2025,0.3675524475524476,0.36689603402977605,0.36740805385862113,0.36670672174239577
12/02/2021,0.28900672205753414,0.2892039312039312,0.28897595542454735,0.28844659907761594
12/02/2022,0.3160959571358987,0.3171796742037442,0.31701962684758905,0.31554500060893925
12/02/2024,0.3483771712158809,0.34647555224621496,0.34889858017196523,0.3464118158123371
12/02/2025,0.3666541822721598,0.3675124875124875,0.367385612766488,0.36662832854106764
12/03/2021,0.2897333716370672,0.28908376320314416,0.28998385480595146,0.28901036507581473
12/03/2024,0.351072226358898,0.3485763888888889,0.3580434836502467,0.3473268801191363
12/03/2025,0.3660624219725343,0.36664419475655435,0.3668411867364747,0.365825
12/04/2023,0.3185189688715953,0.31452357802625186,0.3183734421325421,0.31466514246798577
12/04/2024,0.3473978335795175,0.35160585753288653,0.34947808961102905,0.3492967820608024
12/04/2025,0.36828921078921084,0.3660674157303371,0.36771628022936925,0.3661707713464183
12/05/2022,0.3177921129503408,0.3164076960545543,0.3171951027143776,0.3142578601023642
12/05/2023,0.3184436363636364,0.3177381818181818,0.31963642974004725,0.31806663424124515
12/05/2024,0.35095630925715304,0.347904972919744,0.34953963564746426,0.35050319901446514
12/05/2025,0.36799250936329586,0.36829670329670333,0.3678219673357437,0.36701881602800523
12/06/2021,0.2900468530798468,0.2909749508840864,0.2907386760435683,0.28992595177649383
12/06/2022,0.32041514930808446,0.317850535540409,0.32098124504198094,0.3169243881651041
12/06/2023,0.31976433430515067,0.31932182790471564,0.3194619812178128,0.31840301409820126
12/06/2024,0.35364787683138815,0.35134558093346574,0.35199901526341704,0.3513220729786272
12/07/2021,0.28898084479371317,0.2899459724950884,0.29059801789685014,0.2891187304489282
12/07/2022,0.31900026939720555,0.3204976936149551,0.32162686386228634,0.31935766423357664
12/07/2023,0.3189292914571644,0.3194754098360656,0.3218249015449864,0.3187582017010936
12/08/2021,0.28872602732994945,0.2888783610629722,0.288764501642989,0.28883727217982275
12/08/2022,0.3191709216159509,0.31896409509946627,0.3209575757575758,0.3198248175182482
12/08/2023,0.32012694089466587,0.3193414337788578,0.3200872674383371,0.31720473254781795
12/08/2025,0.36694382022471905,0.3677947052947053,0.36750031168183517,0.3664166041510378
12/09/2021,0.2890810943442523,0.28816797642436154,0.28878452267557314,0.2881505454027183
12/09/2022,0.31631974769529353,0.31930649854510185,0.31957090909090907,0.3150727802037846
12/09/2024,0.3548819875776398,0.3535856079404467,0.35663032705649156,0.3539478260869566
12/09/2025,0.3671346490132401,0.3669338327091136,0.36714036399900274,0.36650662665666417
12/10/2021,0.28999508840864435,0.2889687308399755,0.2895608471178068,0.28907941328969133
12/10/2024,0.3566136250621581,0.35537888198757767,0.35651861042183625,0.354410740924913
12/10/2025,0.3669822633025231,0.36708218835873097,0.3671748588239694,0.36602400600150037
12/11/2023,0.32033341445607205,0.31963570127504554,0.32027143289912147,0.31987247350296305
12/11/2024,0.3555303784860558,0.3568622575832919,0.35697293270424635,0.35550796812749
12/11/2025,0.36745004995004993,0.3669897576817387,0.36771820448877807,0.3660718974679587
12/12/2022,0.3168774201061692,0.3163391557496361,0.3180644333702027,0.3163989667495339
12/12/2023,0.31903139449987833,0.3204502311998053,0.3204469273743017,0.31809442686785105
12/12/2024,0.3557995523501617,0.3560283864541833,0.35581556767476447,0.3556308382114834
12/12/2025,0.3683591408591409,0.36745254745254746,0.36895648921580854,0.3673984248031004
12/13/2021,0.2907811687100606,0.2900221021611002,0.2906421442870549,0.28948319835119296
12/13/2022,0.313580637314522,0.3171730162581897,0.31699382790753966,0.3134979323765507
12/13/2023,0.3151204672669749,0.31949367088607594,0.3210243078754601,0.3151853394013329
12/13/2024,0.3568126399601891,0.3559015170355633,0.3570317933432688,0.35578004478726055
12/14/2021,0.29105844793713165,0.2910388015717092,0.29082431846093887,0.29020240965039673
12/14/2022,0.3151873479318735,0.31368766723424957,0.31590831370856065,0.31418088737201366
12/14/2023,0.3135401459854015,0.31782915551229013,0.317357459469306,0.313610029211295
12/15/2021,0.29090618860510803,0.2910707269155206,0.2911703618896644,0.29096552690238564
12/15/2022,0.32057135910527595,0.3153065693430657,0.3210819353270119,0.3148235580433195
12/15/2023,0.3163220627584529,0.31385644768856447,0.31690813042686256,0.31417733869984144
12/15/2025,0.3668256743256743,0.36826173826173825,0.3685536159600998,0.36597623514696687
12/16/2021,0.2911855670103093,0.2911124754420432,0.29110471209316446,0.2904538102659149
12/16/2022,0.3185283386037461,0.3211267948405938,0.32083267508415464,0.3179941506214965
12/16/2024,0.3575043543169943,0.35658123911420747,0.35829021987861903,0.35551406522280304
12/16/2025,0.36688169364881695,0.3668081918081918,0.36799900386004236,0.36705426356589144
12/17/2021,0.2913178594992875,0.29121011291114385,0.2910840316790173,0.28986457772963203
12/17/2024,0.35747077841333,0.3577432197063946,0.3580804691965506,0.35681184668989546
12/17/2025,0.3683770287141073,0.3676953807740324,0.3695961106955871,0.36795099387423424
12/18/2023,0.31715920155793575,0.31592866674754333,0.3167196409074366,0.3155452775073028
12/18/2024,0.3612782889828401,0.3579308629694106,0.3621952887065697,0.35682796367707426
12/18/2025,0.36815369261477043,0.3682821473158552,0.3689279481426078,0.36804350543817976
12/19/2022,0.3162308626974484,0.3185693466116104,0.318576633470974,0.3155352798053528
12/19/2023,0.31666098392596204,0.31741480038948394,0.31833440208309044,0.31654164637116416
12/19/2024,0.3594227419756158,0.36177070380502363,0.3615107466766058,0.35905674464907916
12/19/2025,0.3682855003743449,0.36816866267465065,0.36847632675916137,0.36834145731783524
12/20/2021,0.29198085419734904,0.2905245139992664,0.2914666810037244,0.2915945945945946
12/20/2022,0.3118828960155491,0.31631834750911303,0.31707613276174057,0.3115779236566983
12/20/2023,0.31734759483312874,0.3168144179249878,0.31702275465391944,0.31627895635210923
12/20/2024,0.35934577114427857,0.35977855187857677,0.36156945653525685,0.3591636589919104
12/21/2021,0.29218106995884774,0.2920864015709377,0.29233711502530785,0.292050048879697
12/21/2022,0.3107896015549077,0.31200583161219775,0.3132370082564352,0.31111084103062714
12/21/2023,0.3154348355663824,0.3174159766195811,0.31782989064398537,0.31599853694220925
12/22/2021,0.2921477663230241,0.2922017673048601,0.29222802496595107,0.29215492193237336
12/22/2022,0.31396208070004866,0.31107142857142855,0.31397131162474345,0.3092756441419543
12/22/2023,0.31640243902439025,0.31617503656752804,0.31741236611489776,0.3160487804878049
12/22/2025,0.3692388320439231,0.36799002493765587,0.36916754872050306,0.3685824903209691
12/23/2021,0.2910103561443429,0.2915118647395156,0.2918279069197495,0.29112776412776414
12/23/2022,0.31102333495381623,0.31403500243072435,0.3139210686095932,0.3107758149035247
12/23/2024,0.3611047524259766,0.3597139303482587,0.3617668986083499,0.3603864372974321
12/23/2025,0.36928143712574846,0.3689493386573497,0.37006729810568295,0.36939823783040676
12/24/2021,0.291040490797546,0.29109747115148543,0.2911168215255952,0.2910092680614203
12/24/2024,0.36309855649576905,0.361602388653894,0.36320576540755467,0.3609110143123833
12/24/2025,0.3608982035928144,0.3691791417165669,0.369496635933217,0.3602095808383234
12/25/2023,0.3156890459363958,0.3164908005361277,0.31666869745339343,0.3158571950773729
12/25/2024,0.36240855934312016,0.3635963165754107,0.36346062943152135,0.36229247044181706
12/25/2025,0.3608083832335329,0.36048592075753805,0.3609967605282831,0.360374251497006
12/26/2022,0.3095019436345967,0.31108410306271267,0.31151603498542274,0.3097981517509728
12/26/2023,0.3160698583292623,0.31634699853587117,0.3166078168756849,0.3155398143624817
12/26/2024,0.36521782424695043,0.36267048282727726,0.36562375745526837,0.3626615212249471
12/26/2025,0.3599625655103568,0.3605533399800598,0.36253738783649053,0.35675318193161965
12/27/2021,0.29109010557328746,0.2914559292904493,0.2911917098445596,0.29155584861002787
12/27/2022,0.30906196840826244,0.31004620622568096,0.30991982507288635,0.30767453174410114
12/27/2023,0.3155307578908317,0.31630434782608696,0.3155785988997615,0.31567268497248263
12/27/2024,0.3659294234592445,0.36554642768235,0.36948702024593216,0.36499875529001746
12/28/2021,0.2917706286836935,0.29133071446108516,0.29132365512123076,0.2914145648277676
12/28/2022,0.309688942891859,0.3091737545565006,0.3100615916686097,0.3077748054474708
12/28/2023,0.31444634146341466,0.31644183773216034,0.3152792310500061,0.3145973072215423
12/29/2021,0.29093811394891944,0.29178290766208254,0.2910628315073391,0.29092597734135633
12/29/2022,0.30625455428710224,0.30962108331309207,0.30937773669948887,0.306
12/29/2023,0.31717716246018135,0.3157405140758874,0.3186018058580273,0.31458466062239643
12/29/2025,0.3582979785375593,0.36001746506986027,0.35912643106022896,0.35671492760858714
12/30/2021,0.29208251473477403,0.29096021611001965,0.2917923596629018,0.2905862582366555
12/30/2022,0.30621577317709914,0.3063492834588292,0.30712135922330097,0.3044849368318756
12/30/2024,0.3650138254343273,0.3655815109343936,0.3669125866308965,0.3645450024863252
12/30/2025,0.35888223552894216,0.3583254304966309,0.3609555804404629,0.3570194707938093
12/31/2021,0.29159548355424647,0.29229371316306485,0.29190434186023717,0.2915493511407246
12/31/2024,0.36671964241370747,0.3657341614906832,0.3671505136221528,0.3654045991298943
12/31/2025,0.3593464704415066,0.35914278594567656,0.36040323584318606,0.35919860192235675
